date,open,high,low,close,volume,amount,stock_code,stock_name,market
2022-05-16,109.6,113.9,108.8,109.8,226497,24986278.0,HK.09866,蔚来-SW,HK
2022-05-17,114.1,121.9,113.6,121.5,500810,59827129.0,HK.09866,蔚来-SW,HK
2022-05-18,130.0,133.0,128.4,130.4,527530,68741249.0,HK.09866,蔚来-SW,HK
2022-05-19,123.2,126.7,122.0,123.6,266220,33136690.0,HK.09866,蔚来-SW,HK
2022-05-20,127.7,135.4,127.7,135.4,553183,74263513.0,HK.09866,蔚来-SW,HK
2022-05-23,134.0,135.8,132.0,132.4,653491,87407723.0,HK.09866,蔚来-SW,HK
2022-05-24,126.9,126.9,121.7,121.7,705900,87199966.0,HK.09866,蔚来-SW,HK
2022-05-25,117.0,121.6,115.0,118.5,538260,64440085.0,HK.09866,蔚来-SW,HK
2022-05-26,117.6,117.6,114.0,115.9,657936,76035456.0,HK.09866,蔚来-SW,HK
2022-05-27,123.9,127.0,123.8,125.7,516810,64826095.0,HK.09866,蔚来-SW,HK
2022-05-30,130.2,134.7,130.2,132.5,412506,54830401.0,HK.09866,蔚来-SW,HK
2022-05-31,135.0,140.4,132.0,136.0,551063,74653085.0,HK.09866,蔚来-SW,HK
2022-06-01,140.0,141.0,136.8,139.2,545780,76217136.0,HK.09866,蔚来-SW,HK
2022-06-02,140.0,144.5,137.2,141.2,597383,84740838.0,HK.09866,蔚来-SW,HK
2022-06-06,142.4,151.0,142.4,149.5,691640,101252771.0,HK.09866,蔚来-SW,HK
2022-06-07,154.1,158.8,152.0,153.8,688700,106353069.0,HK.09866,蔚来-SW,HK
2022-06-08,155.0,166.5,155.0,161.6,1191970,192860360.0,HK.09866,蔚来-SW,HK
2022-06-09,165.8,165.8,153.5,159.7,866749,139081104.0,HK.09866,蔚来-SW,HK
2022-06-10,150.0,162.7,146.9,154.7,3253328,507503305.0,HK.09866,蔚来-SW,HK
2022-06-13,143.2,148.0,139.9,139.9,1645710,237508361.0,HK.09866,蔚来-SW,HK
2022-06-14,127.8,136.9,127.1,132.6,1270183,167560978.0,HK.09866,蔚来-SW,HK
2022-06-15,148.0,154.1,147.3,149.1,1196560,180156311.0,HK.09866,蔚来-SW,HK
2022-06-16,159.5,161.4,154.8,155.3,1999499,315564209.0,HK.09866,蔚来-SW,HK
2022-06-17,149.8,161.1,148.3,159.4,2349729,372916646.0,HK.09866,蔚来-SW,HK
2022-06-20,163.0,180.2,161.7,176.0,1248320,213646767.0,HK.09866,蔚来-SW,HK
2022-06-21,176.5,178.0,172.0,175.1,1277280,224099628.0,HK.09866,蔚来-SW,HK
2022-06-22,181.4,184.5,175.1,175.5,1300670,231948925.0,HK.09866,蔚来-SW,HK
2022-06-23,179.9,190.6,178.9,184.2,1403107,260518971.0,HK.09866,蔚来-SW,HK
2022-06-24,180.0,190.2,178.3,188.5,1857430,347225783.0,HK.09866,蔚来-SW,HK
2022-06-27,193.8,199.2,190.8,193.5,1510551,293659166.0,HK.09866,蔚来-SW,HK
2022-06-28,181.4,189.2,175.6,186.7,2090540,383625236.0,HK.09866,蔚来-SW,HK
2022-06-29,174.8,177.9,162.0,165.5,2521450,426544088.0,HK.09866,蔚来-SW,HK
2022-06-30,169.6,176.8,168.0,172.0,1304330,224423003.0,HK.09866,蔚来-SW,HK
2022-07-04,172.0,173.2,164.4,168.8,783042,131380988.0,HK.09866,蔚来-SW,HK
2022-07-05,171.0,174.5,167.0,170.2,617949,105144038.0,HK.09866,蔚来-SW,HK
2022-07-06,171.1,176.5,167.0,172.9,736190,126675663.0,HK.09866,蔚来-SW,HK
2022-07-07,163.9,167.8,160.8,166.8,869420,143442701.0,HK.09866,蔚来-SW,HK
2022-07-08,177.0,179.2,175.3,176.1,1374670,243982081.0,HK.09866,蔚来-SW,HK
2022-07-11,176.1,176.1,166.3,168.7,721930,122126194.0,HK.09866,蔚来-SW,HK
2022-07-12,161.3,163.6,157.3,158.4,626251,100122977.0,HK.09866,蔚来-SW,HK
2022-07-13,163.9,166.5,161.0,161.5,277410,45279510.0,HK.09866,蔚来-SW,HK
2022-07-14,161.6,169.1,161.6,165.5,396750,65844207.0,HK.09866,蔚来-SW,HK
2022-07-15,165.5,170.2,163.3,163.9,257350,42910916.0,HK.09866,蔚来-SW,HK
2022-07-18,163.8,168.0,160.4,163.9,787943,128680048.0,HK.09866,蔚来-SW,HK
2022-07-19,166.9,166.9,158.8,160.5,569448,91215901.0,HK.09866,蔚来-SW,HK
2022-07-20,160.5,161.5,156.8,157.0,332000,52585000.0,HK.09866,蔚来-SW,HK
2022-07-21,157.0,161.0,153.9,155.1,895750,139977807.0,HK.09866,蔚来-SW,HK
2022-07-22,160.1,162.7,159.0,160.4,556578,89432316.0,HK.09866,蔚来-SW,HK
2022-07-25,152.0,152.5,148.0,150.1,787861,117640666.0,HK.09866,蔚来-SW,HK
2022-07-26,151.0,156.9,150.1,155.0,458300,71145828.0,HK.09866,蔚来-SW,HK
2022-07-27,152.0,152.0,148.8,150.2,399930,59964534.0,HK.09866,蔚来-SW,HK
2022-07-28,151.9,153.0,150.0,151.5,560253,84721533.0,HK.09866,蔚来-SW,HK
2022-07-29,151.5,156.0,146.2,149.7,669606,99928427.0,HK.09866,蔚来-SW,HK
2022-08-01,150.0,166.8,150.0,162.1,1419840,229478294.0,HK.09866,蔚来-SW,HK
2022-08-02,161.9,161.9,156.5,156.8,759951,120249081.0,HK.09866,蔚来-SW,HK
2022-08-03,156.8,163.9,156.8,157.7,395056,62997944.0,HK.09866,蔚来-SW,HK
2022-08-04,160.0,162.5,157.7,161.0,366960,59014773.0,HK.09866,蔚来-SW,HK
2022-08-05,166.0,166.5,162.4,164.4,340446,56011017.0,HK.09866,蔚来-SW,HK
2022-08-08,158.2,158.7,155.9,157.5,301140,47368456.0,HK.09866,蔚来-SW,HK
2022-08-09,158.0,161.8,157.0,158.0,224863,35818791.0,HK.09866,蔚来-SW,HK
2022-08-10,152.0,152.2,145.1,146.5,1005904,148081483.0,HK.09866,蔚来-SW,HK
2022-08-11,154.7,157.9,154.2,157.9,665950,104186192.0,HK.09866,蔚来-SW,HK
2022-08-12,165.0,165.0,159.2,164.6,532573,86976123.0,HK.09866,蔚来-SW,HK
2022-08-15,164.6,167.2,162.6,163.2,384220,63476942.0,HK.09866,蔚来-SW,HK
2022-08-16,165.4,168.5,162.3,164.8,424721,70121765.0,HK.09866,蔚来-SW,HK
2022-08-17,164.2,165.6,160.5,163.7,431122,70348398.0,HK.09866,蔚来-SW,HK
2022-08-18,160.0,160.0,154.2,156.2,504280,78728582.0,HK.09866,蔚来-SW,HK
2022-08-19,156.1,158.0,153.1,155.4,489136,75869964.0,HK.09866,蔚来-SW,HK
2022-08-22,150.7,153.3,148.8,148.9,606279,91109097.0,HK.09866,蔚来-SW,HK
2022-08-23,150.9,151.3,147.5,148.5,427447,63471931.0,HK.09866,蔚来-SW,HK
2022-08-24,147.5,147.5,139.4,141.0,827747,117255952.0,HK.09866,蔚来-SW,HK
2022-08-25,145.0,151.0,145.0,151.0,499444,74294080.0,HK.09866,蔚来-SW,HK
2022-08-26,157.6,157.6,152.6,153.1,466734,71856522.0,HK.09866,蔚来-SW,HK
2022-08-29,151.5,157.0,150.6,153.6,396300,60588545.0,HK.09866,蔚来-SW,HK
2022-08-30,155.7,157.0,150.9,155.4,370474,56730583.0,HK.09866,蔚来-SW,HK
2022-08-31,153.4,163.0,153.3,158.8,628605,99658792.0,HK.09866,蔚来-SW,HK
2022-09-01,156.0,156.8,149.3,150.4,725561,109845967.0,HK.09866,蔚来-SW,HK
2022-09-02,148.7,150.4,140.5,145.5,1934961,280705813.0,HK.09866,蔚来-SW,HK
2022-09-05,140.7,140.7,135.5,135.5,1063950,145818807.0,HK.09866,蔚来-SW,HK
2022-09-06,136.0,142.5,136.0,139.5,522390,72551760.0,HK.09866,蔚来-SW,HK
2022-09-07,136.0,140.8,134.0,137.4,508840,69723817.0,HK.09866,蔚来-SW,HK
2022-09-08,138.6,143.6,136.2,136.2,680490,94257775.0,HK.09866,蔚来-SW,HK
2022-09-09,138.8,145.0,137.2,144.0,883218,126547359.0,HK.09866,蔚来-SW,HK
2022-09-13,165.6,174.0,165.6,168.2,1537132,258028292.0,HK.09866,蔚来-SW,HK
2022-09-14,170.0,175.0,169.3,172.8,1276045,220077063.0,HK.09866,蔚来-SW,HK
2022-09-15,172.8,173.4,169.2,169.8,638383,109354901.0,HK.09866,蔚来-SW,HK
2022-09-16,168.0,170.3,165.4,166.0,463590,77561141.0,HK.09866,蔚来-SW,HK
2022-09-19,157.4,157.4,153.1,155.4,607990,94547833.0,HK.09866,蔚来-SW,HK
2022-09-20,162.9,165.8,162.4,162.5,455123,74628689.0,HK.09866,蔚来-SW,HK
2022-09-21,161.4,161.4,157.1,158.0,263257,41866593.0,HK.09866,蔚来-SW,HK
2022-09-22,144.7,146.3,142.5,146.1,808665,117132748.0,HK.09866,蔚来-SW,HK
2022-09-23,145.4,145.6,140.1,140.5,730259,103535726.0,HK.09866,蔚来-SW,HK
2022-09-26,139.9,142.9,138.0,139.8,435645,61139179.0,HK.09866,蔚来-SW,HK
2022-09-27,138.1,141.2,135.8,141.0,449817,62270332.0,HK.09866,蔚来-SW,HK
2022-09-28,136.0,136.0,127.5,130.6,861246,112487174.0,HK.09866,蔚来-SW,HK
2022-09-29,137.3,137.9,128.2,130.9,510740,67154152.0,HK.09866,蔚来-SW,HK
2022-09-30,122.4,122.4,116.7,121.4,978369,117344218.0,HK.09866,蔚来-SW,HK
2022-10-03,122.9,127.3,121.0,124.1,427070,52930563.0,HK.09866,蔚来-SW,HK
2022-10-05,133.0,135.5,130.4,134.0,980021,130783335.0,HK.09866,蔚来-SW,HK
2022-10-06,127.4,128.0,123.8,125.1,702101,88020591.0,HK.09866,蔚来-SW,HK
2022-10-07,117.5,117.7,111.7,112.0,1540868,174843871.0,HK.09866,蔚来-SW,HK
2022-10-10,110.0,112.8,107.9,109.1,1063773,116298739.0,HK.09866,蔚来-SW,HK
2022-10-11,105.8,107.8,102.0,103.5,782163,81956199.0,HK.09866,蔚来-SW,HK
2022-10-12,100.0,108.3,98.25,103.0,1046032,106829308.0,HK.09866,蔚来-SW,HK
2022-10-13,103.8,103.8,99.2,99.7,513311,51425739.0,HK.09866,蔚来-SW,HK
2022-10-14,100.5,104.7,99.15,99.85,572357,58068222.0,HK.09866,蔚来-SW,HK
2022-10-17,93.75,99.95,90.45,94.75,1301200,121324208.0,HK.09866,蔚来-SW,HK
2022-10-18,98.4,99.2,93.6,99.2,888507,86145217.0,HK.09866,蔚来-SW,HK
2022-10-19,97.75,97.75,92.6,92.65,1061880,99717392.0,HK.09866,蔚来-SW,HK
2022-10-20,85.7,90.6,83.25,87.35,2558507,221258290.0,HK.09866,蔚来-SW,HK
2022-10-21,87.35,87.35,83.95,84.4,920764,78202001.0,HK.09866,蔚来-SW,HK
2022-10-24,84.4,84.4,74.0,76.7,2307280,176319424.0,HK.09866,蔚来-SW,HK
2022-10-25,74.6,79.45,72.15,75.65,1511926,114329270.0,HK.09866,蔚来-SW,HK
2022-10-26,81.1,89.25,81.0,83.6,1932571,164379472.0,HK.09866,蔚来-SW,HK
2022-10-27,85.0,87.0,80.2,81.15,1294480,106549492.0,HK.09866,蔚来-SW,HK
2022-10-28,79.25,79.25,71.95,73.55,1608440,119724820.0,HK.09866,蔚来-SW,HK
2022-10-31,73.65,78.3,72.0,74.8,1108896,83954433.0,HK.09866,蔚来-SW,HK
2022-11-01,76.85,81.8,74.25,81.65,1520480,120200838.0,HK.09866,蔚来-SW,HK
2022-11-02,77.1,82.7,75.5,80.6,1666950,133377750.0,HK.09866,蔚来-SW,HK
2022-11-03,75.0,76.15,73.05,73.4,1393448,103951099.0,HK.09866,蔚来-SW,HK
2022-11-04,76.5,90.0,76.5,88.1,2704571,232249915.0,HK.09866,蔚来-SW,HK
2022-11-07,88.1,97.5,85.8,93.65,1734934,162832923.0,HK.09866,蔚来-SW,HK
2022-11-08,88.3,88.45,83.05,85.25,2137642,181379147.0,HK.09866,蔚来-SW,HK
2022-11-09,84.15,84.3,80.0,81.05,1370446,111191412.0,HK.09866,蔚来-SW,HK
2022-11-10,72.9,73.8,69.55,70.35,3482670,249397616.0,HK.09866,蔚来-SW,HK
2022-11-11,80.9,85.0,78.05,84.7,3180952,260036729.0,HK.09866,蔚来-SW,HK
2022-11-14,91.5,93.35,88.8,92.3,2292740,209927495.0,HK.09866,蔚来-SW,HK
2022-11-15,91.05,96.95,86.55,94.45,1579294,148285235.0,HK.09866,蔚来-SW,HK
2022-11-16,92.9,92.9,87.0,88.85,1002582,89519783.0,HK.09866,蔚来-SW,HK
2022-11-17,84.0,86.5,80.6,83.65,1492055,123337355.0,HK.09866,蔚来-SW,HK
2022-11-18,85.55,85.95,81.7,82.15,1518555,127518402.0,HK.09866,蔚来-SW,HK
2022-11-21,80.2,82.4,78.75,79.6,939587,74999304.0,HK.09866,蔚来-SW,HK
2022-11-22,79.6,79.6,75.05,76.3,967120,73867477.0,HK.09866,蔚来-SW,HK
2022-11-23,78.0,79.8,76.8,79.8,788544,62097593.0,HK.09866,蔚来-SW,HK
2022-11-24,82.0,83.75,80.85,82.7,506143,41675324.0,HK.09866,蔚来-SW,HK
2022-11-25,83.8,83.8,79.1,80.2,364860,29417589.0,HK.09866,蔚来-SW,HK
2022-11-28,75.95,80.0,75.25,79.4,607300,47363497.0,HK.09866,蔚来-SW,HK
2022-11-29,80.0,84.3,78.65,84.15,1106142,91305339.0,HK.09866,蔚来-SW,HK
2022-11-30,82.7,87.45,80.25,87.1,3216548,272682208.0,HK.09866,蔚来-SW,HK
2022-12-01,100.0,102.8,93.25,94.6,2359209,222191175.0,HK.09866,蔚来-SW,HK
2022-12-02,94.0,94.5,91.1,93.65,812839,75268803.0,HK.09866,蔚来-SW,HK
2022-12-05,101.0,108.8,100.2,107.6,2079228,219239616.0,HK.09866,蔚来-SW,HK
2022-12-06,101.6,105.2,99.8,103.6,915203,94264836.0,HK.09866,蔚来-SW,HK
2022-12-07,103.7,108.3,98.4,98.85,1182105,122484690.0,HK.09866,蔚来-SW,HK
2022-12-08,101.9,103.7,99.1,102.3,726461,74059208.0,HK.09866,蔚来-SW,HK
2022-12-09,104.9,107.0,102.7,106.0,898470,94635006.0,HK.09866,蔚来-SW,HK
2022-12-12,99.85,102.1,97.7,99.05,1311920,130591036.0,HK.09866,蔚来-SW,HK
2022-12-13,97.45,100.8,96.85,98.7,777130,76754136.0,HK.09866,蔚来-SW,HK
2022-12-14,97.45,98.2,94.8,96.0,1272270,122150234.0,HK.09866,蔚来-SW,HK
2022-12-15,95.65,95.65,91.2,92.5,1294950,119980802.0,HK.09866,蔚来-SW,HK
2022-12-16,92.5,97.7,91.65,94.45,2319990,219771781.0,HK.09866,蔚来-SW,HK
2022-12-19,93.0,95.9,90.1,90.85,587692,54203551.0,HK.09866,蔚来-SW,HK
2022-12-20,90.8,90.8,85.0,86.35,1065990,91612113.0,HK.09866,蔚来-SW,HK
2022-12-21,88.0,88.5,85.5,86.4,556801,48294169.0,HK.09866,蔚来-SW,HK
2022-12-22,91.2,92.35,90.0,90.25,735810,66962765.0,HK.09866,蔚来-SW,HK
2022-12-23,89.25,92.0,86.85,88.4,527677,46797409.0,HK.09866,蔚来-SW,HK
2022-12-28,83.0,83.0,78.1,78.85,2206760,175451701.0,HK.09866,蔚来-SW,HK
2022-12-29,78.0,79.25,77.2,78.15,642190,50200541.0,HK.09866,蔚来-SW,HK
2022-12-30,79.0,79.8,77.5,78.5,878785,69047015.0,HK.09866,蔚来-SW,HK
2023-01-03,78.5,83.5,75.3,80.2,2129610,170416601.0,HK.09866,蔚来-SW,HK
2023-01-04,77.65,77.7,75.4,77.55,1907840,146528872.0,HK.09866,蔚来-SW,HK
2023-01-05,84.95,85.35,81.3,81.9,1713248,142347350.0,HK.09866,蔚来-SW,HK
2023-01-06,83.5,84.4,76.7,78.6,2887224,229153024.0,HK.09866,蔚来-SW,HK
2023-01-09,81.5,84.6,78.8,81.05,2462201,202955224.0,HK.09866,蔚来-SW,HK
2023-01-10,83.5,89.1,82.8,86.05,2553479,218532012.0,HK.09866,蔚来-SW,HK
2023-01-11,87.0,90.7,86.2,88.65,1286084,114341283.0,HK.09866,蔚来-SW,HK
2023-01-12,91.7,92.0,88.55,89.2,1283571,115538764.0,HK.09866,蔚来-SW,HK
2023-01-13,91.8,93.5,89.7,91.95,932916,84986724.0,HK.09866,蔚来-SW,HK
2023-01-16,92.0,93.0,88.55,88.9,793452,71396493.0,HK.09866,蔚来-SW,HK
2023-01-17,89.05,90.05,87.15,88.2,844050,74346962.0,HK.09866,蔚来-SW,HK
2023-01-18,88.2,89.4,86.15,87.3,1079444,94455674.0,HK.09866,蔚来-SW,HK
2023-01-19,86.55,86.7,84.1,85.1,984455,83971154.0,HK.09866,蔚来-SW,HK
2023-01-20,85.5,85.9,83.75,85.0,518298,43987986.0,HK.09866,蔚来-SW,HK
2023-01-26,91.6,97.0,90.6,96.0,2337041,220490318.0,HK.09866,蔚来-SW,HK
2023-01-27,95.5,95.5,93.0,93.5,989245,92815014.0,HK.09866,蔚来-SW,HK
2023-01-30,98.45,100.5,93.8,95.05,2172486,211668904.0,HK.09866,蔚来-SW,HK
2023-01-31,94.55,94.55,90.65,91.7,1227860,113058537.0,HK.09866,蔚来-SW,HK
2023-02-01,93.6,97.65,93.2,97.5,1194613,115076040.0,HK.09866,蔚来-SW,HK
2023-02-02,96.0,96.0,91.15,92.3,2797645,259052625.0,HK.09866,蔚来-SW,HK
2023-02-03,92.0,92.25,89.3,91.0,2180865,197597319.0,HK.09866,蔚来-SW,HK
2023-02-06,87.25,87.25,83.4,86.1,2358820,199351850.0,HK.09866,蔚来-SW,HK
2023-02-07,86.1,88.0,85.85,86.1,489408,42433925.0,HK.09866,蔚来-SW,HK
2023-02-08,86.4,86.4,83.8,84.3,616955,51999214.0,HK.09866,蔚来-SW,HK
2023-02-09,84.3,86.55,83.95,86.1,762870,65124285.0,HK.09866,蔚来-SW,HK
2023-02-10,83.55,83.8,80.25,80.45,1158183,94640196.0,HK.09866,蔚来-SW,HK
2023-02-13,80.85,83.5,80.45,82.45,1093830,89860496.0,HK.09866,蔚来-SW,HK
2023-02-14,82.5,82.5,79.15,79.35,1294742,103808866.0,HK.09866,蔚来-SW,HK
2023-02-15,79.95,81.95,77.15,77.9,1940160,151653922.0,HK.09866,蔚来-SW,HK
2023-02-16,81.5,83.95,80.8,81.75,1845723,151658517.0,HK.09866,蔚来-SW,HK
2023-02-17,80.8,81.3,78.3,78.45,1259912,100346329.0,HK.09866,蔚来-SW,HK
2023-02-20,79.0,81.8,78.7,81.7,1422238,114328198.0,HK.09866,蔚来-SW,HK
2023-02-21,81.65,82.35,78.6,79.25,1338212,107681733.0,HK.09866,蔚来-SW,HK
2023-02-22,78.5,79.4,77.35,77.9,1096684,85393073.0,HK.09866,蔚来-SW,HK
2023-02-23,80.25,81.8,79.55,81.0,1537851,124490821.0,HK.09866,蔚来-SW,HK
2023-02-24,77.3,77.4,74.95,75.9,1980149,150359869.0,HK.09866,蔚来-SW,HK
2023-02-27,74.7,75.15,73.0,74.75,1256227,93328338.0,HK.09866,蔚来-SW,HK
2023-02-28,73.9,74.25,71.3,71.8,1913741,137834088.0,HK.09866,蔚来-SW,HK
2023-03-01,72.0,79.7,72.0,79.7,1967562,151926587.0,HK.09866,蔚来-SW,HK
2023-03-02,70.2,70.55,68.7,69.2,3501253,244812567.0,HK.09866,蔚来-SW,HK
2023-03-03,70.6,71.2,69.0,70.1,2042632,142298620.0,HK.09866,蔚来-SW,HK
2023-03-06,73.9,74.7,73.0,73.9,2035130,150429001.0,HK.09866,蔚来-SW,HK
2023-03-07,72.05,74.9,72.05,72.4,714010,52212325.0,HK.09866,蔚来-SW,HK
2023-03-08,70.6,70.6,69.1,69.7,785810,54672137.0,HK.09866,蔚来-SW,HK
2023-03-09,71.6,73.2,71.0,71.2,1049321,75547111.0,HK.09866,蔚来-SW,HK
2023-03-10,68.6,68.65,66.5,68.25,1639570,110779118.0,HK.09866,蔚来-SW,HK
2023-03-13,67.65,68.5,66.25,68.35,1530046,103105512.0,HK.09866,蔚来-SW,HK
2023-03-14,67.65,67.85,65.15,65.65,983700,64997006.0,HK.09866,蔚来-SW,HK
2023-03-15,66.5,67.35,65.65,66.55,857630,56914466.0,HK.09866,蔚来-SW,HK
2023-03-16,66.05,66.3,63.65,64.75,813931,52879621.0,HK.09866,蔚来-SW,HK
2023-03-17,65.95,68.25,65.5,67.35,812940,54583448.0,HK.09866,蔚来-SW,HK
2023-03-20,65.8,66.1,62.5,63.65,1318660,84072627.0,HK.09866,蔚来-SW,HK
2023-03-21,68.2,69.5,67.6,69.25,1129680,77583135.0,HK.09866,蔚来-SW,HK
2023-03-22,72.5,75.2,72.5,73.1,1486968,109969467.0,HK.09866,蔚来-SW,HK
2023-03-23,72.0,74.6,70.5,74.6,1014260,74444713.0,HK.09866,蔚来-SW,HK
2023-03-24,72.55,74.0,72.0,73.1,805190,58670960.0,HK.09866,蔚来-SW,HK
2023-03-27,71.8,71.95,69.6,70.35,838900,59200990.0,HK.09866,蔚来-SW,HK
2023-03-28,70.4,71.7,70.05,71.0,602320,42717955.0,HK.09866,蔚来-SW,HK
2023-03-29,71.9,72.9,71.55,72.3,913086,65981691.0,HK.09866,蔚来-SW,HK
2023-03-30,76.3,77.65,75.15,76.7,1516370,116038250.0,HK.09866,蔚来-SW,HK
2023-03-31,81.5,81.75,78.5,79.55,1958600,156689277.0,HK.09866,蔚来-SW,HK
2023-04-03,81.4,82.8,79.95,81.25,1441770,116999959.0,HK.09866,蔚来-SW,HK
2023-04-04,77.1,77.1,73.5,75.05,1189920,88827228.0,HK.09866,蔚来-SW,HK
2023-04-06,70.7,71.15,69.8,70.85,1045170,73794774.0,HK.09866,蔚来-SW,HK
2023-04-11,71.1,72.2,70.15,71.55,902750,64086452.0,HK.09866,蔚来-SW,HK
2023-04-12,74.0,75.55,73.25,73.45,1187263,88068229.0,HK.09866,蔚来-SW,HK
2023-04-13,70.55,71.8,69.8,71.75,914260,64828663.0,HK.09866,蔚来-SW,HK
2023-04-14,71.6,72.9,71.05,71.85,740820,53369171.0,HK.09866,蔚来-SW,HK
2023-04-17,72.3,77.0,72.3,76.45,1630130,123335357.0,HK.09866,蔚来-SW,HK
2023-04-18,77.3,78.2,75.85,76.05,681144,52270680.0,HK.09866,蔚来-SW,HK
2023-04-19,74.6,74.6,71.2,71.85,1031649,74392069.0,HK.09866,蔚来-SW,HK
2023-04-20,69.3,69.3,67.2,67.55,1354670,92419733.0,HK.09866,蔚来-SW,HK
2023-04-21,65.8,66.3,64.1,64.35,1209670,78694768.0,HK.09866,蔚来-SW,HK
2023-04-24,65.9,66.5,64.45,65.95,788320,51636883.0,HK.09866,蔚来-SW,HK
2023-04-25,65.95,65.95,63.75,64.2,753954,48426671.0,HK.09866,蔚来-SW,HK
2023-04-26,63.0,64.95,62.5,63.8,817680,52268584.0,HK.09866,蔚来-SW,HK
2023-04-27,60.9,61.2,59.55,61.0,1496930,90601886.0,HK.09866,蔚来-SW,HK
2023-04-28,62.35,63.45,61.5,62.1,1362910,84833427.0,HK.09866,蔚来-SW,HK
2023-05-02,61.5,62.2,60.0,61.0,854680,52164227.0,HK.09866,蔚来-SW,HK
2023-05-03,58.65,59.1,57.6,59.0,959640,55952793.0,HK.09866,蔚来-SW,HK
2023-05-04,59.3,61.55,59.2,60.9,491213,29897567.0,HK.09866,蔚来-SW,HK
2023-05-05,63.0,64.2,63.0,63.25,734340,46735477.0,HK.09866,蔚来-SW,HK
2023-05-08,63.8,65.0,63.8,64.6,527587,34082328.0,HK.09866,蔚来-SW,HK
2023-05-09,65.5,65.8,63.25,63.45,511124,32694308.0,HK.09866,蔚来-SW,HK
2023-05-10,63.45,64.4,62.9,63.5,443830,28209148.0,HK.09866,蔚来-SW,HK
2023-05-11,63.55,65.25,63.0,64.25,1241500,79365978.0,HK.09866,蔚来-SW,HK
2023-05-12,66.0,66.0,64.6,65.1,524332,34158637.0,HK.09866,蔚来-SW,HK
2023-05-15,63.0,64.8,62.0,63.5,783380,49627031.0,HK.09866,蔚来-SW,HK
2023-05-16,63.65,64.45,63.3,63.9,333580,21287752.0,HK.09866,蔚来-SW,HK
2023-05-17,62.6,62.6,60.65,60.8,590806,36169243.0,HK.09866,蔚来-SW,HK
2023-05-18,62.55,63.65,62.25,63.0,781200,49155247.0,HK.09866,蔚来-SW,HK
2023-05-19,61.7,62.7,61.2,61.8,536606,33221762.0,HK.09866,蔚来-SW,HK
2023-05-22,62.55,66.4,62.55,64.9,896000,58342019.0,HK.09866,蔚来-SW,HK
2023-05-23,68.25,69.2,67.5,67.65,1260210,86172000.0,HK.09866,蔚来-SW,HK
2023-05-24,68.35,69.1,66.8,67.45,1105550,74901804.0,HK.09866,蔚来-SW,HK
2023-05-25,64.3,64.3,60.35,61.15,1404039,86227518.0,HK.09866,蔚来-SW,HK
2023-05-29,61.15,61.3,58.15,59.0,1064090,62709667.0,HK.09866,蔚来-SW,HK
2023-05-30,59.25,60.85,58.85,60.5,614470,36892401.0,HK.09866,蔚来-SW,HK
2023-05-31,58.15,58.9,57.6,58.8,677303,39387907.0,HK.09866,蔚来-SW,HK
2023-06-01,58.8,59.7,57.95,58.45,458287,26970399.0,HK.09866,蔚来-SW,HK
2023-06-02,59.45,61.6,58.85,60.7,902570,54604016.0,HK.09866,蔚来-SW,HK
2023-06-05,60.2,60.2,58.1,59.2,952139,56355229.0,HK.09866,蔚来-SW,HK
2023-06-06,59.85,61.5,59.25,60.15,702030,42476356.0,HK.09866,蔚来-SW,HK
2023-06-07,61.15,61.45,60.0,60.9,384572,23285033.0,HK.09866,蔚来-SW,HK
2023-06-08,60.9,61.45,59.85,60.5,296800,17903648.0,HK.09866,蔚来-SW,HK
2023-06-09,60.5,60.9,59.15,60.3,434373,26136854.0,HK.09866,蔚来-SW,HK
2023-06-12,63.0,64.5,62.1,63.15,2418600,153114376.0,HK.09866,蔚来-SW,HK
2023-06-13,65.8,67.0,65.55,66.8,1294766,86032456.0,HK.09866,蔚来-SW,HK
2023-06-14,68.0,71.6,68.0,71.2,2241806,158161211.0,HK.09866,蔚来-SW,HK
2023-06-15,70.5,71.75,69.2,71.65,1189206,83887769.0,HK.09866,蔚来-SW,HK
2023-06-16,76.0,77.8,75.4,77.8,3006644,231330143.0,HK.09866,蔚来-SW,HK
2023-06-19,74.95,75.0,71.5,73.2,1132840,82840079.0,HK.09866,蔚来-SW,HK
2023-06-20,73.2,73.2,69.8,70.55,1021338,72110964.0,HK.09866,蔚来-SW,HK
2023-06-21,72.55,74.85,72.55,73.35,1731532,127466707.0,HK.09866,蔚来-SW,HK
2023-06-23,71.75,71.75,66.8,68.5,1211610,82869374.0,HK.09866,蔚来-SW,HK
2023-06-26,67.5,69.25,66.75,67.75,923310,62897498.0,HK.09866,蔚来-SW,HK
2023-06-27,66.8,69.4,66.35,68.25,1194950,81637122.0,HK.09866,蔚来-SW,HK
2023-06-28,72.8,73.4,71.65,73.15,1428639,103926948.0,HK.09866,蔚来-SW,HK
2023-06-29,74.45,74.95,71.6,72.35,1185030,86190427.0,HK.09866,蔚来-SW,HK
2023-06-30,73.2,77.05,73.15,75.85,1903384,144117631.0,HK.09866,蔚来-SW,HK
2023-07-03,76.15,83.0,76.15,82.0,2965010,239648727.0,HK.09866,蔚来-SW,HK
2023-07-04,80.0,80.0,75.2,77.95,1813601,141234761.0,HK.09866,蔚来-SW,HK
2023-07-05,78.05,80.4,77.9,78.7,918440,72448057.0,HK.09866,蔚来-SW,HK
2023-07-06,80.0,80.85,76.8,78.2,1271870,99673298.0,HK.09866,蔚来-SW,HK
2023-07-07,75.9,76.05,74.0,75.0,1068390,80147545.0,HK.09866,蔚来-SW,HK
2023-07-10,78.25,79.0,75.4,76.7,874814,67130056.0,HK.09866,蔚来-SW,HK
2023-07-11,83.6,86.05,82.5,85.75,2700670,229227558.0,HK.09866,蔚来-SW,HK
2023-07-12,85.6,87.35,84.25,84.95,961140,82290435.0,HK.09866,蔚来-SW,HK
2023-07-13,87.0,88.0,84.05,85.45,977580,83818715.0,HK.09866,蔚来-SW,HK
2023-07-14,85.0,85.0,81.4,82.45,827980,68123048.0,HK.09866,蔚来-SW,HK
2023-07-18,83.05,84.0,81.0,82.55,1168460,96523975.0,HK.09866,蔚来-SW,HK
2023-07-19,82.5,82.8,79.5,82.15,480570,39087396.0,HK.09866,蔚来-SW,HK
2023-07-20,82.55,84.45,81.25,81.95,731606,60386199.0,HK.09866,蔚来-SW,HK
2023-07-21,80.8,82.55,79.55,81.55,365773,29737963.0,HK.09866,蔚来-SW,HK
2023-07-24,82.05,85.35,81.85,83.25,909980,76260785.0,HK.09866,蔚来-SW,HK
2023-07-25,90.1,92.3,90.05,91.8,1957670,178483371.0,HK.09866,蔚来-SW,HK
2023-07-26,92.9,92.9,90.45,92.45,1216780,111635001.0,HK.09866,蔚来-SW,HK
2023-07-27,102.2,104.8,101.1,104.8,3679084,379797069.0,HK.09866,蔚来-SW,HK
2023-07-28,104.0,110.9,103.1,109.4,2320191,250106708.0,HK.09866,蔚来-SW,HK
2023-07-31,119.8,123.8,114.5,116.2,3538108,416266885.0,HK.09866,蔚来-SW,HK
2023-08-01,118.9,122.0,115.4,117.1,1922027,226839443.0,HK.09866,蔚来-SW,HK
2023-08-02,113.3,113.3,106.9,107.5,2625339,287106968.0,HK.09866,蔚来-SW,HK
2023-08-03,113.2,118.6,113.2,115.8,2049564,238420150.0,HK.09866,蔚来-SW,HK
2023-08-04,120.3,123.0,118.0,122.6,1447450,174981880.0,HK.09866,蔚来-SW,HK
2023-08-07,116.5,121.3,115.3,119.3,1590091,189867851.0,HK.09866,蔚来-SW,HK
2023-08-08,118.0,118.0,113.1,113.2,1156660,132868944.0,HK.09866,蔚来-SW,HK
2023-08-09,109.9,111.1,108.6,110.3,1101582,120957950.0,HK.09866,蔚来-SW,HK
2023-08-10,103.8,106.6,102.0,106.2,1593280,165852491.0,HK.09866,蔚来-SW,HK
2023-08-11,106.0,106.0,101.7,103.2,1137949,117324777.0,HK.09866,蔚来-SW,HK
2023-08-14,101.8,101.8,96.6,99.9,1255492,123605739.0,HK.09866,蔚来-SW,HK
2023-08-15,100.8,102.0,97.0,97.35,1148290,112788447.0,HK.09866,蔚来-SW,HK
2023-08-16,92.5,93.35,91.5,92.0,1326800,122459613.0,HK.09866,蔚来-SW,HK
2023-08-17,88.0,95.05,88.0,93.0,2073480,192495341.0,HK.09866,蔚来-SW,HK
2023-08-18,92.0,92.0,87.55,87.85,1053588,93566873.0,HK.09866,蔚来-SW,HK
2023-08-21,85.85,87.5,83.6,84.9,1868385,160056017.0,HK.09866,蔚来-SW,HK
2023-08-22,85.5,88.95,85.5,86.95,990540,86025673.0,HK.09866,蔚来-SW,HK
2023-08-23,85.8,87.05,84.3,85.6,761510,65268834.0,HK.09866,蔚来-SW,HK
2023-08-24,85.6,88.1,84.8,87.1,892960,77710332.0,HK.09866,蔚来-SW,HK
2023-08-25,83.75,84.5,83.25,83.5,778040,65158201.0,HK.09866,蔚来-SW,HK
2023-08-28,89.05,89.6,86.5,86.5,1176584,103147262.0,HK.09866,蔚来-SW,HK
2023-08-29,87.0,89.6,86.65,88.55,1068540,94513473.0,HK.09866,蔚来-SW,HK
2023-08-30,85.9,85.9,80.75,82.0,3383560,278645275.0,HK.09866,蔚来-SW,HK
2023-08-31,82.1,84.4,82.0,83.75,1219740,101889018.0,HK.09866,蔚来-SW,HK
2023-09-04,86.3,87.3,85.2,86.3,1080730,93396472.0,HK.09866,蔚来-SW,HK
2023-09-05,86.55,86.6,84.35,85.4,707898,60350087.0,HK.09866,蔚来-SW,HK
2023-09-06,85.2,85.2,83.4,84.15,497162,41785425.0,HK.09866,蔚来-SW,HK
2023-09-07,82.5,82.95,81.55,81.95,511990,42005478.0,HK.09866,蔚来-SW,HK
2023-09-11,79.7,81.75,78.3,80.85,953370,76541427.0,HK.09866,蔚来-SW,HK
2023-09-12,81.25,83.05,80.4,81.15,926150,75813549.0,HK.09866,蔚来-SW,HK
2023-09-13,82.4,82.8,80.15,80.45,936470,76145336.0,HK.09866,蔚来-SW,HK
2023-09-14,79.65,83.0,78.25,79.7,972218,77273781.0,HK.09866,蔚来-SW,HK
2023-09-15,81.3,85.25,80.15,84.0,7869550,660502843.0,HK.09866,蔚来-SW,HK
2023-09-18,83.0,83.3,81.25,82.05,1062073,87850375.0,HK.09866,蔚来-SW,HK
2023-09-19,78.0,79.35,76.9,78.4,2751410,215711729.0,HK.09866,蔚来-SW,HK
2023-09-20,67.75,69.45,67.75,69.1,4873794,334772821.0,HK.09866,蔚来-SW,HK
2023-09-21,70.0,70.8,68.9,69.8,1564540,109102723.0,HK.09866,蔚来-SW,HK
2023-09-22,66.9,68.6,66.35,68.45,1862891,125780229.0,HK.09866,蔚来-SW,HK
2023-09-25,68.0,68.0,65.0,65.3,1433173,94059591.0,HK.09866,蔚来-SW,HK
2023-09-26,65.35,65.95,63.2,63.7,1691583,108748871.0,HK.09866,蔚来-SW,HK
2023-09-27,65.5,67.35,65.4,65.55,1351568,89391129.0,HK.09866,蔚来-SW,HK
2023-09-28,65.75,66.75,64.75,65.45,592069,38749279.0,HK.09866,蔚来-SW,HK
2023-09-29,69.6,72.5,69.35,71.45,2025803,143944140.0,HK.09866,蔚来-SW,HK
2023-10-03,68.95,69.2,66.5,67.45,1196092,80866106.0,HK.09866,蔚来-SW,HK
2023-10-04,67.4,67.4,65.25,66.3,631618,41725391.0,HK.09866,蔚来-SW,HK
2023-10-05,68.6,69.45,67.7,68.15,1012200,69232640.0,HK.09866,蔚来-SW,HK
2023-10-06,68.15,68.9,67.05,67.65,438170,29694706.0,HK.09866,蔚来-SW,HK
2023-10-09,67.1,67.8,66.2,66.8,432469,28931434.0,HK.09866,蔚来-SW,HK
2023-10-10,66.6,66.75,65.05,65.25,1057821,69359424.0,HK.09866,蔚来-SW,HK
2023-10-11,68.85,70.1,68.5,68.9,1349806,93507247.0,HK.09866,蔚来-SW,HK
2023-10-12,70.3,70.8,69.6,69.65,723870,50621506.0,HK.09866,蔚来-SW,HK
2023-10-13,67.2,67.3,65.8,65.95,776070,51545975.0,HK.09866,蔚来-SW,HK
2023-10-16,67.0,67.35,64.7,65.35,562295,36788140.0,HK.09866,蔚来-SW,HK
2023-10-17,66.7,66.7,65.6,66.15,444050,29355689.0,HK.09866,蔚来-SW,HK
2023-10-18,66.15,67.65,65.8,66.95,1220742,81805652.0,HK.09866,蔚来-SW,HK
2023-10-19,62.1,62.1,60.45,61.6,1941870,119373305.0,HK.09866,蔚来-SW,HK
2023-10-20,61.55,61.55,58.8,59.3,1516859,90363473.0,HK.09866,蔚来-SW,HK
2023-10-24,59.4,60.4,57.75,58.55,1289300,75443147.0,HK.09866,蔚来-SW,HK
2023-10-25,62.9,63.2,60.65,61.45,1573950,97085874.0,HK.09866,蔚来-SW,HK
2023-10-26,60.2,60.8,58.8,59.65,723347,43170023.0,HK.09866,蔚来-SW,HK
2023-10-27,60.55,61.5,59.95,61.1,733780,44738857.0,HK.09866,蔚来-SW,HK
2023-10-30,59.8,60.0,58.55,59.9,966870,57294463.0,HK.09866,蔚来-SW,HK
2023-10-31,59.0,59.0,56.5,57.9,1467181,84256512.0,HK.09866,蔚来-SW,HK
2023-11-01,58.1,58.1,56.25,56.8,646640,36709157.0,HK.09866,蔚来-SW,HK
2023-11-02,58.2,59.5,57.85,58.1,829250,48615410.0,HK.09866,蔚来-SW,HK
2023-11-03,60.9,62.35,60.35,61.4,1442253,88673387.0,HK.09866,蔚来-SW,HK
2023-11-06,64.0,66.6,64.0,65.8,1730760,114166589.0,HK.09866,蔚来-SW,HK
2023-11-07,62.8,63.55,62.2,62.5,1064027,66730175.0,HK.09866,蔚来-SW,HK
2023-11-08,62.5,62.7,60.8,61.0,790220,48388824.0,HK.09866,蔚来-SW,HK
2023-11-09,61.0,62.95,61.0,61.65,434493,26825180.0,HK.09866,蔚来-SW,HK
2023-11-10,58.95,59.15,57.05,58.35,1788230,103244371.0,HK.09866,蔚来-SW,HK
2023-11-13,58.35,58.65,56.7,57.85,835320,47904815.0,HK.09866,蔚来-SW,HK
2023-11-14,57.5,57.5,56.2,56.55,1352270,76610813.0,HK.09866,蔚来-SW,HK
2023-11-15,59.1,60.35,58.5,60.0,1442080,85653122.0,HK.09866,蔚来-SW,HK
2023-11-16,61.9,62.0,59.3,59.95,777850,46812869.0,HK.09866,蔚来-SW,HK
2023-11-17,58.3,58.3,56.4,58.1,1033694,59375660.0,HK.09866,蔚来-SW,HK
2023-11-20,58.1,59.75,57.85,59.6,2197030,129722061.0,HK.09866,蔚来-SW,HK
2023-11-21,61.45,62.5,59.45,59.65,1903750,116164015.0,HK.09866,蔚来-SW,HK
2023-11-22,59.45,59.9,58.55,59.0,1394064,82530842.0,HK.09866,蔚来-SW,HK
2023-11-23,59.0,61.0,58.95,61.0,1287745,77584756.0,HK.09866,蔚来-SW,HK
2023-11-24,60.6,60.6,58.2,58.2,1529260,89910207.0,HK.09866,蔚来-SW,HK
2023-11-27,58.2,58.55,56.5,57.6,1075990,61729489.0,HK.09866,蔚来-SW,HK
2023-11-28,57.25,57.4,56.45,56.9,985315,56036672.0,HK.09866,蔚来-SW,HK
2023-11-29,57.2,57.55,55.25,55.95,1547517,86451675.0,HK.09866,蔚来-SW,HK
2023-11-30,56.6,57.45,55.8,57.05,1518649,86123441.0,HK.09866,蔚来-SW,HK
2023-12-01,57.05,57.15,55.8,56.45,2758040,155683877.0,HK.09866,蔚来-SW,HK
2023-12-04,56.7,56.85,54.6,55.35,1740089,96469658.0,HK.09866,蔚来-SW,HK
2023-12-05,57.1,58.25,55.8,56.45,1669070,95276243.0,HK.09866,蔚来-SW,HK
2023-12-06,58.2,59.7,57.3,59.2,2181504,128677670.0,HK.09866,蔚来-SW,HK
2023-12-07,60.75,61.3,59.3,60.45,1902964,114589448.0,HK.09866,蔚来-SW,HK
2023-12-08,59.8,59.8,57.15,57.8,2019719,116460890.0,HK.09866,蔚来-SW,HK
2023-12-11,57.8,59.0,57.05,58.6,1098520,63922089.0,HK.09866,蔚来-SW,HK
2023-12-12,59.5,60.85,59.25,59.7,1433932,86191720.0,HK.09866,蔚来-SW,HK
2023-12-13,58.5,58.5,55.85,56.5,1776690,100346720.0,HK.09866,蔚来-SW,HK
2023-12-14,58.1,59.1,57.45,57.9,1284190,74710831.0,HK.09866,蔚来-SW,HK
2023-12-15,60.95,62.25,60.35,61.95,5462240,337654333.0,HK.09866,蔚来-SW,HK
2023-12-18,62.35,62.75,61.4,61.45,1120710,69329191.0,HK.09866,蔚来-SW,HK
2023-12-19,64.35,65.4,63.85,64.95,2155790,139227638.0,HK.09866,蔚来-SW,HK
2023-12-20,69.0,69.45,67.7,68.4,1587049,108338644.0,HK.09866,蔚来-SW,HK
2023-12-21,62.65,63.3,61.95,62.5,1769590,110669108.0,HK.09866,蔚来-SW,HK
2023-12-22,64.05,64.7,62.5,63.15,1288020,81628057.0,HK.09866,蔚来-SW,HK
2023-12-27,72.6,72.7,68.35,70.85,3474452,243578745.0,HK.09866,蔚来-SW,HK
2023-12-28,70.85,72.3,70.65,71.25,1929375,137899195.0,HK.09866,蔚来-SW,HK
2023-12-29,73.05,74.2,72.35,73.6,1493635,109224331.0,HK.09866,蔚来-SW,HK
2024-01-02,72.75,72.85,68.1,69.0,2455600,169888331.0,HK.09866,蔚来-SW,HK
2024-01-03,66.6,66.6,65.4,65.8,1432616,94334774.0,HK.09866,蔚来-SW,HK
2024-01-04,65.2,65.7,64.35,65.3,969676,63036550.0,HK.09866,蔚来-SW,HK
2024-01-05,64.9,65.2,63.5,63.9,896749,57498712.0,HK.09866,蔚来-SW,HK
2024-01-08,63.8,63.8,60.6,61.25,1113929,68167563.0,HK.09866,蔚来-SW,HK
2024-01-09,61.25,62.55,60.9,61.35,913477,56260201.0,HK.09866,蔚来-SW,HK
2024-01-10,59.9,59.9,57.6,58.5,1927500,112603560.0,HK.09866,蔚来-SW,HK
2024-01-11,58.5,59.5,57.05,59.1,1230750,72583415.0,HK.09866,蔚来-SW,HK
2024-01-12,58.45,58.85,57.0,57.15,1224080,70703241.0,HK.09866,蔚来-SW,HK
2024-01-15,56.95,56.95,54.9,55.55,1283502,71387620.0,HK.09866,蔚来-SW,HK
2024-01-16,55.4,56.05,54.05,54.25,1106600,60405896.0,HK.09866,蔚来-SW,HK
2024-01-17,52.0,52.0,48.1,48.95,3340369,164335488.0,HK.09866,蔚来-SW,HK
2024-01-18,48.95,50.35,48.25,49.85,2412777,119341666.0,HK.09866,蔚来-SW,HK
2024-01-19,49.5,49.5,47.35,48.45,1912231,92669450.0,HK.09866,蔚来-SW,HK
2024-01-22,47.2,47.35,44.3,45.2,2335610,105921130.0,HK.09866,蔚来-SW,HK
2024-01-23,46.5,48.7,46.25,47.9,2028450,96530872.0,HK.09866,蔚来-SW,HK
2024-01-24,48.65,49.3,46.45,49.25,2036120,97426047.0,HK.09866,蔚来-SW,HK
2024-01-25,46.8,47.15,45.6,46.95,2027837,94374597.0,HK.09866,蔚来-SW,HK
2024-01-26,46.55,47.1,45.6,45.75,1701735,78770788.0,HK.09866,蔚来-SW,HK
2024-01-29,47.5,48.55,46.95,47.3,2263540,107523497.0,HK.09866,蔚来-SW,HK
2024-01-30,47.25,47.95,46.6,46.9,1429330,67159480.0,HK.09866,蔚来-SW,HK
2024-01-31,45.45,45.45,43.3,44.1,2059600,90681957.0,HK.09866,蔚来-SW,HK
2024-02-01,44.1,45.55,43.75,44.25,1419140,63505318.0,HK.09866,蔚来-SW,HK
2024-02-02,45.0,46.4,43.75,43.8,1245628,55938574.0,HK.09866,蔚来-SW,HK
2024-02-05,43.75,44.4,42.85,43.6,1103369,48050565.0,HK.09866,蔚来-SW,HK
2024-02-06,42.0,45.45,41.55,44.65,2080750,91740682.0,HK.09866,蔚来-SW,HK
2024-02-07,46.6,48.35,44.7,45.45,4034870,185708093.0,HK.09866,蔚来-SW,HK
2024-02-08,45.6,46.7,45.2,46.0,1022170,47021573.0,HK.09866,蔚来-SW,HK
2024-02-09,45.9,45.9,44.15,45.05,849800,37913745.0,HK.09866,蔚来-SW,HK
2024-02-14,44.2,46.15,43.6,45.9,1560610,70937437.0,HK.09866,蔚来-SW,HK
2024-02-15,46.6,48.2,46.1,47.7,1718120,81554404.0,HK.09866,蔚来-SW,HK
2024-02-16,47.7,49.45,47.15,48.75,1428080,69701220.0,HK.09866,蔚来-SW,HK
2024-02-19,48.8,48.8,47.1,48.35,1227186,58869764.0,HK.09866,蔚来-SW,HK
2024-02-20,48.2,48.6,45.9,47.45,1798980,84268585.0,HK.09866,蔚来-SW,HK
2024-02-21,46.8,49.3,46.05,48.1,1360097,65771368.0,HK.09866,蔚来-SW,HK
2024-02-22,47.2,47.8,46.65,47.55,1237205,58469077.0,HK.09866,蔚来-SW,HK
2024-02-23,45.8,46.8,45.2,45.85,1594845,72996160.0,HK.09866,蔚来-SW,HK
2024-02-26,42.55,44.25,42.25,43.75,3472335,151657318.0,HK.09866,蔚来-SW,HK
2024-02-27,44.5,45.7,44.2,45.6,2886102,130085750.0,HK.09866,蔚来-SW,HK
2024-02-28,45.65,45.95,43.6,43.75,2381500,105506225.0,HK.09866,蔚来-SW,HK
2024-02-29,43.55,44.95,43.05,43.8,2027859,89514512.0,HK.09866,蔚来-SW,HK
2024-03-01,44.55,47.3,44.35,46.5,4259517,197835796.0,HK.09866,蔚来-SW,HK
2024-03-04,45.4,46.05,43.9,44.5,2707965,121496904.0,HK.09866,蔚来-SW,HK
2024-03-05,43.5,44.3,41.8,42.5,2760479,117474030.0,HK.09866,蔚来-SW,HK
2024-03-06,43.0,44.6,42.15,43.8,1680210,73238313.0,HK.09866,蔚来-SW,HK
2024-03-07,44.6,45.4,43.2,43.85,1384060,60772637.0,HK.09866,蔚来-SW,HK
2024-03-08,44.7,45.65,44.6,44.65,1392170,62545122.0,HK.09866,蔚来-SW,HK
2024-03-11,44.7,46.9,44.7,46.55,1657972,76897821.0,HK.09866,蔚来-SW,HK
2024-03-12,47.7,49.3,47.2,49.0,2511261,122330440.0,HK.09866,蔚来-SW,HK
2024-03-13,48.1,49.2,47.9,48.2,1034620,50146996.0,HK.09866,蔚来-SW,HK
2024-03-14,47.0,47.05,45.25,45.85,1498370,68578922.0,HK.09866,蔚来-SW,HK
2024-03-15,44.0,44.25,43.35,44.15,5768598,253886103.0,HK.09866,蔚来-SW,HK
2024-03-18,44.15,46.9,44.15,46.25,3330629,153002023.0,HK.09866,蔚来-SW,HK
2024-03-19,43.8,43.8,42.85,43.35,2469589,106871066.0,HK.09866,蔚来-SW,HK
2024-03-20,41.1,41.35,40.1,41.0,3366640,137258869.0,HK.09866,蔚来-SW,HK
2024-03-21,40.75,41.55,40.2,40.25,1633866,66396696.0,HK.09866,蔚来-SW,HK
2024-03-22,40.0,40.05,38.85,39.0,2349360,92042112.0,HK.09866,蔚来-SW,HK
2024-03-25,39.0,39.35,38.0,38.35,1593910,61457895.0,HK.09866,蔚来-SW,HK
2024-03-26,38.45,39.65,38.45,38.95,2016299,78924858.0,HK.09866,蔚来-SW,HK
2024-03-27,38.2,38.2,36.65,36.7,2004389,74107387.0,HK.09866,蔚来-SW,HK
2024-03-28,36.3,38.1,36.25,37.45,2620745,97993693.0,HK.09866,蔚来-SW,HK
2024-04-02,37.35,37.55,36.15,36.4,1821185,66544717.0,HK.09866,蔚来-SW,HK
2024-04-03,36.1,36.1,34.35,34.7,2609395,90476750.0,HK.09866,蔚来-SW,HK
2024-04-05,35.0,35.75,34.6,35.0,1191970,41705252.0,HK.09866,蔚来-SW,HK
2024-04-08,35.0,35.65,34.5,34.85,950948,33344235.0,HK.09866,蔚来-SW,HK
2024-04-09,34.8,35.45,34.65,35.1,1291165,45320948.0,HK.09866,蔚来-SW,HK
2024-04-10,36.9,37.65,36.85,37.2,2632121,97700709.0,HK.09866,蔚来-SW,HK
2024-04-11,36.2,36.65,35.9,36.45,1236351,44957729.0,HK.09866,蔚来-SW,HK
2024-04-12,35.2,35.5,34.2,34.25,2748531,94929050.0,HK.09866,蔚来-SW,HK
2024-04-15,32.6,33.35,32.3,33.25,2136770,70535924.0,HK.09866,蔚来-SW,HK
2024-04-16,30.95,31.05,29.5,29.85,4117690,123556902.0,HK.09866,蔚来-SW,HK
2024-04-17,29.8,30.5,29.25,30.1,1766680,52625464.0,HK.09866,蔚来-SW,HK
2024-04-18,30.35,31.35,30.25,30.7,1153510,35595075.0,HK.09866,蔚来-SW,HK
2024-04-19,30.8,31.05,29.65,30.15,1978260,59574514.0,HK.09866,蔚来-SW,HK
2024-04-22,29.75,30.35,29.35,29.65,1566390,46704498.0,HK.09866,蔚来-SW,HK
2024-04-23,31.6,31.65,30.85,31.35,2198952,68786294.0,HK.09866,蔚来-SW,HK
2024-04-24,32.1,32.8,31.5,32.55,1979490,63991549.0,HK.09866,蔚来-SW,HK
2024-04-25,32.55,33.15,32.1,32.45,1879070,61249656.0,HK.09866,蔚来-SW,HK
2024-04-26,32.45,35.25,32.25,34.8,4092694,140793985.0,HK.09866,蔚来-SW,HK
2024-04-29,35.5,37.2,35.5,35.7,2423880,87927232.0,HK.09866,蔚来-SW,HK
2024-04-30,36.05,36.4,35.5,35.75,1133240,40597326.0,HK.09866,蔚来-SW,HK
2024-05-02,41.0,44.2,40.75,43.15,6714776,287529848.0,HK.09866,蔚来-SW,HK
2024-05-03,44.0,44.5,42.3,42.9,3329614,143876953.0,HK.09866,蔚来-SW,HK
2024-05-06,42.95,44.7,42.95,44.0,5157840,226833472.0,HK.09866,蔚来-SW,HK
2024-05-07,44.25,44.55,43.05,43.25,2954750,128790462.0,HK.09866,蔚来-SW,HK
2024-05-08,43.25,44.4,41.45,42.2,4699177,199180389.0,HK.09866,蔚来-SW,HK
2024-05-09,40.9,42.35,40.75,41.9,1907964,79648908.0,HK.09866,蔚来-SW,HK
2024-05-10,42.15,42.2,40.25,41.05,2995005,122437225.0,HK.09866,蔚来-SW,HK
2024-05-13,40.5,40.65,39.0,40.35,4775464,191209254.0,HK.09866,蔚来-SW,HK
2024-05-14,42.25,43.4,42.0,42.2,2680311,114143722.0,HK.09866,蔚来-SW,HK
2024-05-16,42.15,42.35,40.5,42.1,3398627,141731192.0,HK.09866,蔚来-SW,HK
2024-05-17,41.5,42.2,40.85,42.15,3662713,152987138.0,HK.09866,蔚来-SW,HK
2024-05-20,42.05,43.25,41.6,42.2,4178723,177330601.0,HK.09866,蔚来-SW,HK
2024-05-21,41.15,41.7,39.4,39.65,3750200,150246727.0,HK.09866,蔚来-SW,HK
2024-05-22,40.5,42.3,40.5,41.75,2769849,115114202.0,HK.09866,蔚来-SW,HK
2024-05-23,41.5,41.5,39.65,39.95,3091865,123971300.0,HK.09866,蔚来-SW,HK
2024-05-24,37.9,37.95,36.85,37.35,4516010,168114088.0,HK.09866,蔚来-SW,HK
2024-05-27,37.75,39.05,37.2,38.55,1580280,60570019.0,HK.09866,蔚来-SW,HK
2024-05-28,39.05,39.7,38.65,39.05,3490090,136744769.0,HK.09866,蔚来-SW,HK
2024-05-29,38.85,38.85,37.65,38.2,1909355,72735475.0,HK.09866,蔚来-SW,HK
2024-05-30,38.5,39.25,37.8,38.2,1715599,65669691.0,HK.09866,蔚来-SW,HK
2024-05-31,41.7,42.5,40.55,40.95,5424023,225996527.0,HK.09866,蔚来-SW,HK
2024-06-03,43.1,43.6,42.0,42.6,4238780,181563893.0,HK.09866,蔚来-SW,HK
2024-06-04,41.65,42.15,41.25,41.55,1639296,68267476.0,HK.09866,蔚来-SW,HK
2024-06-05,41.45,42.5,40.7,41.6,1369490,57052303.0,HK.09866,蔚来-SW,HK
2024-06-06,41.6,41.7,40.4,41.2,2087570,85447939.0,HK.09866,蔚来-SW,HK
2024-06-07,38.5,39.0,37.75,38.25,5846169,223611286.0,HK.09866,蔚来-SW,HK
2024-06-11,37.25,37.6,36.5,37.55,2784617,103588320.0,HK.09866,蔚来-SW,HK
2024-06-12,34.85,35.35,34.05,34.35,4552585,157259854.0,HK.09866,蔚来-SW,HK
2024-06-13,35.1,35.7,34.55,34.8,1402365,48977215.0,HK.09866,蔚来-SW,HK
2024-06-14,34.6,34.8,34.0,34.4,1037110,35711019.0,HK.09866,蔚来-SW,HK
2024-06-17,34.0,34.5,33.45,34.05,1392055,47468959.0,HK.09866,蔚来-SW,HK
2024-06-18,34.3,34.9,34.1,34.1,1042431,35883221.0,HK.09866,蔚来-SW,HK
2024-06-19,34.15,34.9,34.15,34.85,1539045,53244821.0,HK.09866,蔚来-SW,HK
2024-06-20,35.2,35.25,34.0,34.25,1156850,39788187.0,HK.09866,蔚来-SW,HK
2024-06-21,34.2,34.2,32.95,33.65,3223222,107993924.0,HK.09866,蔚来-SW,HK
2024-06-24,33.65,33.85,33.25,33.5,1371559,46077079.0,HK.09866,蔚来-SW,HK
2024-06-25,34.25,35.0,33.9,34.45,1732820,59624569.0,HK.09866,蔚来-SW,HK
2024-06-26,34.45,35.0,33.85,34.6,794435,27479218.0,HK.09866,蔚来-SW,HK
2024-06-27,36.0,36.75,35.2,35.45,2587350,92607132.0,HK.09866,蔚来-SW,HK
2024-06-28,34.95,34.95,33.7,34.05,2177773,74193951.0,HK.09866,蔚来-SW,HK
2024-07-02,34.95,35.5,34.2,34.3,1823306,63528931.0,HK.09866,蔚来-SW,HK
2024-07-03,35.25,36.2,35.05,35.8,1656882,59153739.0,HK.09866,蔚来-SW,HK
2024-07-04,38.0,38.75,37.35,37.6,2248320,85250168.0,HK.09866,蔚来-SW,HK
2024-07-05,37.6,37.6,36.75,37.3,1503780,55920432.0,HK.09866,蔚来-SW,HK
2024-07-08,35.6,36.4,35.15,35.85,2597020,92415531.0,HK.09866,蔚来-SW,HK
2024-07-09,35.6,35.6,34.4,35.45,1132791,39634571.0,HK.09866,蔚来-SW,HK
2024-07-10,35.45,35.95,34.85,35.25,1121560,39615894.0,HK.09866,蔚来-SW,HK
2024-07-11,36.05,37.4,35.95,37.15,1618635,59658196.0,HK.09866,蔚来-SW,HK
2024-07-12,36.55,37.15,36.45,36.95,1298055,47939532.0,HK.09866,蔚来-SW,HK
2024-07-15,37.7,38.15,36.8,37.1,1800835,67046285.0,HK.09866,蔚来-SW,HK
2024-07-16,36.75,36.75,36.05,36.5,959205,34942149.0,HK.09866,蔚来-SW,HK
2024-07-17,37.6,38.5,37.6,37.85,2156355,82001499.0,HK.09866,蔚来-SW,HK
2024-07-18,36.05,36.7,35.85,36.5,2025735,73654637.0,HK.09866,蔚来-SW,HK
2024-07-19,36.3,36.3,35.1,35.4,1123235,39854391.0,HK.09866,蔚来-SW,HK
2024-07-22,35.1,35.9,35.05,35.55,1271440,45124282.0,HK.09866,蔚来-SW,HK
2024-07-23,36.2,36.55,35.8,36.1,1071586,38722650.0,HK.09866,蔚来-SW,HK
2024-07-24,35.0,35.1,34.0,34.5,1621041,55862008.0,HK.09866,蔚来-SW,HK
2024-07-25,34.1,34.4,33.05,33.6,1766355,59175775.0,HK.09866,蔚来-SW,HK
2024-07-26,33.6,33.8,33.15,33.65,1209040,40445582.0,HK.09866,蔚来-SW,HK
2024-07-29,34.9,35.1,34.45,34.7,1600734,55620458.0,HK.09866,蔚来-SW,HK
2024-07-30,34.5,34.5,33.2,33.65,1356805,45590847.0,HK.09866,蔚来-SW,HK
2024-07-31,34.4,35.95,34.35,35.45,2261958,80045920.0,HK.09866,蔚来-SW,HK
2024-08-01,35.0,35.0,34.15,34.35,892535,30719951.0,HK.09866,蔚来-SW,HK
2024-08-02,32.0,32.5,31.25,31.8,4012530,127478860.0,HK.09866,蔚来-SW,HK
2024-08-05,31.8,31.9,30.25,30.85,2668227,82245123.0,HK.09866,蔚来-SW,HK
2024-08-06,31.25,31.65,30.1,30.4,1773062,54144534.0,HK.09866,蔚来-SW,HK
2024-08-07,30.0,30.3,29.35,30.05,2110532,63121913.0,HK.09866,蔚来-SW,HK
2024-08-08,29.65,29.65,28.6,29.05,1849299,53724855.0,HK.09866,蔚来-SW,HK
2024-08-09,29.65,30.3,29.6,29.95,1287531,38571475.0,HK.09866,蔚来-SW,HK
2024-08-12,29.95,30.1,29.3,29.5,903390,26763271.0,HK.09866,蔚来-SW,HK
2024-08-13,29.7,29.9,29.35,29.7,1319691,39110984.0,HK.09866,蔚来-SW,HK
2024-08-14,30.3,30.65,29.95,30.05,785456,23702813.0,HK.09866,蔚来-SW,HK
2024-08-15,29.45,30.1,29.15,29.75,1084865,32224442.0,HK.09866,蔚来-SW,HK
2024-08-16,29.8,30.6,29.8,30.45,1272107,38549696.0,HK.09866,蔚来-SW,HK
2024-08-19,30.45,32.1,30.45,31.3,1861265,58893082.0,HK.09866,蔚来-SW,HK
2024-08-20,32.2,32.3,31.55,31.7,1902455,60874276.0,HK.09866,蔚来-SW,HK
2024-08-21,30.75,31.1,30.0,31.1,2354744,72086977.0,HK.09866,蔚来-SW,HK
2024-08-22,31.1,31.8,31.05,31.65,2173705,68445662.0,HK.09866,蔚来-SW,HK
2024-08-23,31.65,31.65,31.1,31.35,734431,23002447.0,HK.09866,蔚来-SW,HK
2024-08-26,31.6,32.4,31.2,32.05,2577175,81546725.0,HK.09866,蔚来-SW,HK
2024-08-27,32.05,32.6,31.1,32.3,1585291,51126330.0,HK.09866,蔚来-SW,HK
2024-08-28,32.0,32.0,30.7,31.6,1817490,56856225.0,HK.09866,蔚来-SW,HK
2024-08-29,30.5,30.5,29.05,30.35,3864536,115545655.0,HK.09866,蔚来-SW,HK
2024-08-30,30.85,33.9,30.85,33.6,17107277,568450977.0,HK.09866,蔚来-SW,HK
2024-09-02,32.25,32.4,31.4,31.95,4260589,135854426.0,HK.09866,蔚来-SW,HK
2024-09-03,31.95,32.4,31.35,31.85,3059548,97741573.0,HK.09866,蔚来-SW,HK
2024-09-04,32.7,34.15,32.5,33.7,5926954,198811307.0,HK.09866,蔚来-SW,HK
2024-09-05,33.7,34.25,32.3,34.1,3697971,123088546.0,HK.09866,蔚来-SW,HK
2024-09-09,39.2,40.2,38.05,38.55,9991922,388706513.0,HK.09866,蔚来-SW,HK
2024-09-10,42.5,42.9,41.5,42.35,10959270,462306554.0,HK.09866,蔚来-SW,HK
2024-09-11,42.0,43.2,41.85,43.2,5514822,235807270.0,HK.09866,蔚来-SW,HK
2024-09-12,43.2,43.9,42.45,42.75,3190830,136826043.0,HK.09866,蔚来-SW,HK
2024-09-13,41.1,41.95,40.55,41.45,3558301,147223537.0,HK.09866,蔚来-SW,HK
2024-09-16,42.8,43.4,42.65,43.0,3774069,161723108.0,HK.09866,蔚来-SW,HK
2024-09-17,42.95,42.95,41.85,42.5,1875700,79566308.0,HK.09866,蔚来-SW,HK
2024-09-19,39.6,41.45,39.45,41.05,5948701,241788565.0,HK.09866,蔚来-SW,HK
2024-09-20,42.0,43.1,41.4,42.05,11362863,478106182.0,HK.09866,蔚来-SW,HK
2024-09-23,41.7,42.05,39.75,39.95,6150609,248345436.0,HK.09866,蔚来-SW,HK
2024-09-24,42.0,44.4,41.8,44.4,7266880,313679093.0,HK.09866,蔚来-SW,HK
2024-09-25,46.2,46.5,43.1,43.55,7523679,332537824.0,HK.09866,蔚来-SW,HK
2024-09-26,43.7,46.5,43.25,46.2,7447330,336514329.0,HK.09866,蔚来-SW,HK
2024-09-27,45.0,48.5,44.6,48.25,13520716,637415618.0,HK.09866,蔚来-SW,HK
2024-09-30,55.45,59.6,54.85,56.35,17915571,1027756765.0,HK.09866,蔚来-SW,HK
2024-10-02,55.5,60.7,55.1,59.15,11810673,697634734.0,HK.09866,蔚来-SW,HK
2024-10-03,56.5,57.1,52.65,54.75,9916939,545956843.0,HK.09866,蔚来-SW,HK
2024-10-04,52.9,55.7,52.0,54.55,6425466,348536904.0,HK.09866,蔚来-SW,HK
2024-10-07,54.3,57.1,54.25,54.45,7260412,399395708.0,HK.09866,蔚来-SW,HK
2024-10-08,52.85,54.0,46.25,46.55,12713706,615529713.0,HK.09866,蔚来-SW,HK
2024-10-09,48.4,50.45,44.8,46.55,7078174,333661700.0,HK.09866,蔚来-SW,HK
2024-10-10,48.35,49.5,47.5,48.7,6749542,327950529.0,HK.09866,蔚来-SW,HK
2024-10-14,48.5,48.5,45.55,47.0,4766181,221850820.0,HK.09866,蔚来-SW,HK
2024-10-15,45.25,45.45,42.15,43.1,7114858,307618999.0,HK.09866,蔚来-SW,HK
2024-10-16,43.6,45.0,43.35,43.8,6374743,280656270.0,HK.09866,蔚来-SW,HK
2024-10-17,43.05,44.05,41.55,41.95,3573217,151646658.0,HK.09866,蔚来-SW,HK
2024-10-18,40.2,43.1,39.6,42.55,7451024,309978523.0,HK.09866,蔚来-SW,HK
2024-10-21,40.95,41.55,39.55,39.95,6208009,250455153.0,HK.09866,蔚来-SW,HK
2024-10-22,40.3,41.8,39.95,40.6,4050935,166265931.0,HK.09866,蔚来-SW,HK
2024-10-23,41.3,41.9,40.4,41.2,3264030,134422251.0,HK.09866,蔚来-SW,HK
2024-10-24,40.65,41.05,39.4,39.65,6175095,245826251.0,HK.09866,蔚来-SW,HK
2024-10-25,39.4,40.0,38.95,39.35,2566200,100990151.0,HK.09866,蔚来-SW,HK
2024-10-28,40.75,41.9,40.4,41.55,5942080,244899964.0,HK.09866,蔚来-SW,HK
2024-10-29,45.9,46.8,45.15,45.6,9191922,421852279.0,HK.09866,蔚来-SW,HK
2024-10-30,45.3,45.3,42.2,42.6,5236373,226163533.0,HK.09866,蔚来-SW,HK
2024-10-31,42.35,42.35,40.8,41.65,3423854,142466864.0,HK.09866,蔚来-SW,HK
2024-11-01,40.8,41.25,39.85,40.25,2391268,96266570.0,HK.09866,蔚来-SW,HK
2024-11-04,40.25,41.0,40.2,40.6,2540686,103090191.0,HK.09866,蔚来-SW,HK
2024-11-05,40.55,42.2,39.6,41.9,3916579,162624138.0,HK.09866,蔚来-SW,HK
2024-11-06,41.15,41.5,39.75,40.25,3901251,157456113.0,HK.09866,蔚来-SW,HK
2024-11-07,39.5,40.6,38.65,40.1,4175182,166079765.0,HK.09866,蔚来-SW,HK
2024-11-08,41.4,43.5,41.15,41.6,5224046,220048759.0,HK.09866,蔚来-SW,HK
2024-11-11,41.5,41.5,39.9,40.75,3825594,154755126.0,HK.09866,蔚来-SW,HK
2024-11-12,40.7,40.7,37.7,38.0,5856221,226264972.0,HK.09866,蔚来-SW,HK
2024-11-13,35.95,36.5,34.95,36.4,5880246,210717126.0,HK.09866,蔚来-SW,HK
2024-11-14,36.4,36.4,34.75,35.1,4826861,170685240.0,HK.09866,蔚来-SW,HK
2024-11-15,35.1,35.65,34.4,34.95,2803301,98340875.0,HK.09866,蔚来-SW,HK
2024-11-18,35.75,36.4,35.7,35.95,3308087,118925371.0,HK.09866,蔚来-SW,HK
2024-11-19,36.85,38.0,36.75,37.8,4352080,163325207.0,HK.09866,蔚来-SW,HK
2024-11-20,37.05,37.05,35.75,36.4,4311043,156537039.0,HK.09866,蔚来-SW,HK
2024-11-21,36.4,37.0,36.0,36.2,4893470,178181922.0,HK.09866,蔚来-SW,HK
2024-11-22,36.8,38.0,35.75,35.95,3406955,124960924.0,HK.09866,蔚来-SW,HK
2024-11-25,37.6,38.35,37.05,37.55,12610670,473410550.0,HK.09866,蔚来-SW,HK
2024-11-26,36.4,36.45,35.4,35.45,5146920,185315036.0,HK.09866,蔚来-SW,HK
2024-11-27,34.0,34.95,33.45,34.85,5987358,203914212.0,HK.09866,蔚来-SW,HK
2024-11-28,34.85,34.85,33.5,34.0,3677699,124701798.0,HK.09866,蔚来-SW,HK
2024-11-29,33.95,34.8,33.6,34.2,2827960,96630240.0,HK.09866,蔚来-SW,HK
2024-12-02,34.2,35.3,34.2,35.2,3300884,115531311.0,HK.09866,蔚来-SW,HK
2024-12-03,35.2,35.9,34.7,35.5,7485226,264518279.0,HK.09866,蔚来-SW,HK
2024-12-04,36.7,37.75,36.35,37.1,7140511,265687506.0,HK.09866,蔚来-SW,HK
2024-12-05,36.8,36.8,35.85,36.65,5902752,215320318.0,HK.09866,蔚来-SW,HK
2024-12-06,36.65,37.25,35.35,36.2,14780600,536602930.0,HK.09866,蔚来-SW,HK
2024-12-09,36.1,38.15,35.55,38.15,9978930,365239323.0,HK.09866,蔚来-SW,HK
2024-12-10,40.7,40.95,37.7,37.95,7520652,290602149.0,HK.09866,蔚来-SW,HK
2024-12-11,37.95,38.1,36.6,37.3,3798914,141540895.0,HK.09866,蔚来-SW,HK
2024-12-12,37.0,37.05,36.25,36.4,4263093,155970515.0,HK.09866,蔚来-SW,HK
2024-12-13,36.4,36.4,34.9,34.95,3731618,131694054.0,HK.09866,蔚来-SW,HK
2024-12-16,34.95,35.5,34.75,35.3,2369332,83090077.0,HK.09866,蔚来-SW,HK
2024-12-17,35.3,35.65,34.6,34.65,2913321,102021446.0,HK.09866,蔚来-SW,HK
2024-12-18,35.0,36.15,34.8,35.85,2890846,103270221.0,HK.09866,蔚来-SW,HK
2024-12-19,34.8,34.85,34.3,34.65,5279146,182588552.0,HK.09866,蔚来-SW,HK
2024-12-20,34.65,36.8,34.6,35.3,17623091,624530342.0,HK.09866,蔚来-SW,HK
2024-12-23,36.1,36.1,34.75,34.95,4470945,156630890.0,HK.09866,蔚来-SW,HK
2024-12-24,34.7,35.5,34.5,35.2,894900,31511152.0,HK.09866,蔚来-SW,HK
2024-12-27,36.05,36.9,35.5,36.4,4026218,146584322.0,HK.09866,蔚来-SW,HK
2024-12-30,36.0,36.0,34.95,35.05,3973227,140011087.0,HK.09866,蔚来-SW,HK
2024-12-31,35.05,35.15,34.5,34.8,1612062,56213580.0,HK.09866,蔚来-SW,HK
2025-01-02,34.8,35.6,34.25,34.3,4645716,161037435.0,HK.09866,蔚来-SW,HK
2025-01-03,36.15,36.5,34.85,35.15,7129465,254013259.0,HK.09866,蔚来-SW,HK
2025-01-06,36.0,37.2,35.75,36.55,5017660,183936505.0,HK.09866,蔚来-SW,HK
2025-01-07,36.5,36.95,35.95,36.4,3055770,110876557.0,HK.09866,蔚来-SW,HK
2025-01-08,35.9,35.9,33.3,33.8,9961103,337333659.0,HK.09866,蔚来-SW,HK
2025-01-09,33.6,33.9,33.1,33.2,3611659,120286101.0,HK.09866,蔚来-SW,HK
2025-01-10,33.45,33.75,32.75,33.05,2498720,82658685.0,HK.09866,蔚来-SW,HK
2025-01-13,32.5,32.95,32.25,32.85,2417994,79076397.0,HK.09866,蔚来-SW,HK
2025-01-14,32.0,32.85,31.75,32.4,4920886,159123633.0,HK.09866,蔚来-SW,HK
2025-01-15,32.5,32.5,31.15,31.65,5495390,173284743.0,HK.09866,蔚来-SW,HK
2025-01-16,32.2,32.85,31.85,32.2,3801914,122714839.0,HK.09866,蔚来-SW,HK
2025-01-17,32.35,33.0,32.35,32.65,1814278,59307977.0,HK.09866,蔚来-SW,HK
2025-01-20,34.0,34.8,33.8,34.1,4635646,159074744.0,HK.09866,蔚来-SW,HK
2025-01-21,34.2,35.15,33.95,34.95,5527614,191144420.0,HK.09866,蔚来-SW,HK
2025-01-22,32.65,33.55,32.1,32.9,6205191,204909336.0,HK.09866,蔚来-SW,HK
2025-01-23,33.55,34.0,32.9,33.0,2503110,83239465.0,HK.09866,蔚来-SW,HK
2025-01-24,32.4,33.35,32.3,32.95,1905800,62745919.0,HK.09866,蔚来-SW,HK
2025-01-27,33.0,34.3,33.0,34.05,3918800,133327904.0,HK.09866,蔚来-SW,HK
2025-01-28,33.85,34.1,33.4,34.05,1025520,34605774.0,HK.09866,蔚来-SW,HK
2025-02-03,33.6,33.6,32.5,33.25,4249230,140243569.0,HK.09866,蔚来-SW,HK
2025-02-04,33.9,35.3,33.75,34.75,5969264,206074501.0,HK.09866,蔚来-SW,HK
2025-02-05,33.55,33.75,32.7,33.15,5754192,190598639.0,HK.09866,蔚来-SW,HK
2025-02-06,33.15,33.85,32.3,33.85,4471468,147468927.0,HK.09866,蔚来-SW,HK
2025-02-07,33.45,34.3,33.25,33.95,6425417,217547974.0,HK.09866,蔚来-SW,HK
2025-02-10,34.0,34.55,33.45,34.05,3743460,127000202.0,HK.09866,蔚来-SW,HK
2025-02-11,34.15,34.6,32.95,33.3,4965542,166220410.0,HK.09866,蔚来-SW,HK
2025-02-12,32.3,32.85,31.95,32.5,6291873,203504062.0,HK.09866,蔚来-SW,HK
2025-02-13,32.5,34.1,32.25,32.7,6093273,201741941.0,HK.09866,蔚来-SW,HK
2025-02-14,33.85,34.65,33.2,34.55,5783600,197711928.0,HK.09866,蔚来-SW,HK
2025-02-17,34.5,35.55,34.25,34.8,4939071,172475747.0,HK.09866,蔚来-SW,HK
2025-02-18,34.8,35.7,34.6,35.5,3757105,132110144.0,HK.09866,蔚来-SW,HK
2025-02-19,34.65,35.25,34.05,34.9,4498585,156519755.0,HK.09866,蔚来-SW,HK
2025-02-20,34.9,35.0,33.5,33.75,4677255,158292036.0,HK.09866,蔚来-SW,HK
2025-02-21,34.4,35.3,34.05,35.3,5943712,206740432.0,HK.09866,蔚来-SW,HK
2025-02-24,35.3,35.9,34.35,35.05,4418570,155178975.0,HK.09866,蔚来-SW,HK
2025-02-25,34.8,36.15,34.1,35.2,5891474,208909692.0,HK.09866,蔚来-SW,HK
2025-02-26,34.3,35.05,33.8,34.75,7470043,256915146.0,HK.09866,蔚来-SW,HK
2025-02-27,37.05,39.7,36.7,37.0,21847916,827225313.0,HK.09866,蔚来-SW,HK
2025-02-28,37.8,38.3,35.15,35.25,11864870,423887350.0,HK.09866,蔚来-SW,HK
2025-03-03,35.8,36.55,34.9,35.15,4924726,175524346.0,HK.09866,蔚来-SW,HK
2025-03-04,33.85,33.85,32.7,33.55,7324070,243964144.0,HK.09866,蔚来-SW,HK
2025-03-05,33.55,33.95,32.7,33.1,5984879,198004759.0,HK.09866,蔚来-SW,HK
2025-03-06,33.55,34.3,33.45,34.1,5493044,186422236.0,HK.09866,蔚来-SW,HK
2025-03-07,33.9,34.6,33.2,33.65,5085788,172133764.0,HK.09866,蔚来-SW,HK
2025-03-10,34.05,35.5,33.95,34.65,5954336,206260288.0,HK.09866,蔚来-SW,HK
2025-03-11,34.65,39.45,34.3,38.05,18338453,692489368.0,HK.09866,蔚来-SW,HK
2025-03-12,40.9,42.05,39.8,40.15,14757606,603996111.0,HK.09866,蔚来-SW,HK
2025-03-13,40.2,40.9,38.4,39.15,6118774,240469035.0,HK.09866,蔚来-SW,HK
2025-03-14,38.0,38.0,35.8,36.75,8720262,317654802.0,HK.09866,蔚来-SW,HK
2025-03-17,37.65,38.75,37.65,38.0,5591008,213173487.0,HK.09866,蔚来-SW,HK
2025-03-18,38.85,44.75,38.45,41.4,20761139,867150700.0,HK.09866,蔚来-SW,HK
2025-03-19,41.35,42.0,39.65,40.95,9686668,398117382.0,HK.09866,蔚来-SW,HK
2025-03-20,40.9,40.9,39.05,39.35,5098812,202027281.0,HK.09866,蔚来-SW,HK
2025-03-21,37.0,38.9,35.75,35.9,14815279,538043216.0,HK.09866,蔚来-SW,HK
2025-03-24,35.9,35.9,34.0,34.7,10513857,363969350.0,HK.09866,蔚来-SW,HK
2025-03-25,34.4,34.55,33.65,33.8,5167684,175082698.0,HK.09866,蔚来-SW,HK
2025-03-26,34.0,34.6,33.9,34.3,3077321,105366768.0,HK.09866,蔚来-SW,HK
2025-03-27,33.35,33.65,32.5,32.55,7506937,246495228.0,HK.09866,蔚来-SW,HK
2025-03-28,31.2,31.25,29.9,30.25,34617357,1044455230.0,HK.09866,蔚来-SW,HK
2025-03-31,29.5,29.5,28.4,28.95,14621210,420467670.0,HK.09866,蔚来-SW,HK
2025-04-01,29.65,29.85,29.1,29.3,10338913,304536829.0,HK.09866,蔚来-SW,HK
2025-04-02,29.7,30.05,29.15,29.65,14141037,417359913.0,HK.09866,蔚来-SW,HK
2025-04-03,28.8,29.3,28.4,28.75,8399641,241093485.0,HK.09866,蔚来-SW,HK
2025-04-07,25.15,25.95,24.05,24.5,25402692,630919361.0,HK.09866,蔚来-SW,HK
2025-04-08,25.85,26.6,25.15,25.85,19396620,496404197.0,HK.09866,蔚来-SW,HK
2025-04-09,24.0,25.5,23.7,25.5,15733090,386539754.0,HK.09866,蔚来-SW,HK
2025-04-10,26.55,27.3,26.2,26.5,13122040,351604414.0,HK.09866,蔚来-SW,HK
2025-04-11,25.65,27.35,25.15,26.05,15723354,415686586.0,HK.09866,蔚来-SW,HK
2025-04-14,28.1,28.35,27.25,27.85,10776590,297914797.0,HK.09866,蔚来-SW,HK
2025-04-15,28.1,28.6,27.5,27.95,6426780,179836409.0,HK.09866,蔚来-SW,HK
2025-04-16,27.9,27.9,26.25,26.55,10357461,274898869.0,HK.09866,蔚来-SW,HK
2025-04-17,26.8,27.75,26.8,27.35,7644650,209048492.0,HK.09866,蔚来-SW,HK
2025-04-22,28.5,28.95,27.9,28.15,11449515,323029489.0,HK.09866,蔚来-SW,HK
2025-04-23,29.45,29.7,28.95,29.4,9191076,269682611.0,HK.09866,蔚来-SW,HK
2025-04-24,30.4,30.75,29.9,30.5,10545333,319129849.0,HK.09866,蔚来-SW,HK
2025-04-25,32.4,32.65,31.55,31.7,12346037,395991230.0,HK.09866,蔚来-SW,HK
2025-04-28,31.2,31.8,30.9,31.6,7305449,229665326.0,HK.09866,蔚来-SW,HK
2025-04-29,33.35,34.2,32.85,33.15,11004687,365976693.0,HK.09866,蔚来-SW,HK
2025-04-30,33.1,33.25,30.65,31.45,17166862,540381265.0,HK.09866,蔚来-SW,HK
2025-05-02,30.9,32.05,30.25,31.8,6653695,210078607.0,HK.09866,蔚来-SW,HK
2025-05-06,31.2,31.2,29.5,29.75,12563401,375393335.0,HK.09866,蔚来-SW,HK
2025-05-07,30.5,30.9,29.8,29.85,6898525,208472337.0,HK.09866,蔚来-SW,HK
2025-05-08,30.05,30.3,29.75,30.1,2980565,89746724.0,HK.09866,蔚来-SW,HK
2025-05-09,30.5,30.7,29.95,30.55,3287436,99930498.0,HK.09866,蔚来-SW,HK
2025-05-12,31.8,33.3,31.6,32.9,9427601,306491137.0,HK.09866,蔚来-SW,HK
2025-05-13,32.3,32.5,30.75,31.2,10471650,327237206.0,HK.09866,蔚来-SW,HK
2025-05-14,32.0,32.55,31.55,32.3,5865864,188388538.0,HK.09866,蔚来-SW,HK
2025-05-15,32.2,32.2,31.25,31.5,4945182,155837426.0,HK.09866,蔚来-SW,HK
2025-05-16,31.45,32.35,30.8,32.25,7349870,233312670.0,HK.09866,蔚来-SW,HK
2025-05-19,31.65,31.65,30.65,30.95,7368256,227728389.0,HK.09866,蔚来-SW,HK
2025-05-20,31.05,31.1,30.5,30.55,6565056,201744718.0,HK.09866,蔚来-SW,HK
2025-05-21,30.85,31.45,30.6,30.75,4175367,128867130.0,HK.09866,蔚来-SW,HK
2025-05-22,30.65,31.35,30.15,30.6,4280693,131144757.0,HK.09866,蔚来-SW,HK
2025-05-23,30.5,30.5,29.8,30.05,6600298,198397031.0,HK.09866,蔚来-SW,HK
2025-05-26,29.6,30.05,28.9,29.15,5839342,170582228.0,HK.09866,蔚来-SW,HK
2025-05-27,29.15,29.35,27.95,28.55,11842799,335370841.0,HK.09866,蔚来-SW,HK
2025-05-28,28.55,28.6,28.05,28.35,4770735,134698221.0,HK.09866,蔚来-SW,HK
2025-05-29,28.6,29.45,28.35,29.4,7601750,221470800.0,HK.09866,蔚来-SW,HK
2025-05-30,28.8,28.8,27.6,28.1,14180360,397073249.0,HK.09866,蔚来-SW,HK
2025-06-02,27.75,27.8,27.0,27.5,5027720,137300875.0,HK.09866,蔚来-SW,HK
2025-06-03,27.65,27.8,27.25,27.5,5504273,151298323.0,HK.09866,蔚来-SW,HK
2025-06-04,27.45,28.7,27.35,27.95,7612534,213377174.0,HK.09866,蔚来-SW,HK
2025-06-05,29.05,29.2,28.3,28.5,8792853,252049702.0,HK.09866,蔚来-SW,HK
2025-06-06,28.3,28.3,26.85,27.55,11595042,316945208.0,HK.09866,蔚来-SW,HK
2025-06-09,28.0,28.4,27.7,27.9,10663946,298726844.0,HK.09866,蔚来-SW,HK
2025-06-10,28.05,28.65,27.95,28.45,11355704,322627130.0,HK.09866,蔚来-SW,HK
2025-06-11,29.3,29.85,28.95,29.6,9678230,284863461.0,HK.09866,蔚来-SW,HK
2025-06-12,29.0,29.0,28.3,28.35,5435781,155278734.0,HK.09866,蔚来-SW,HK
2025-06-13,27.65,27.8,26.75,26.95,9282197,250642952.0,HK.09866,蔚来-SW,HK
2025-06-16,27.0,27.6,26.85,27.45,5229059,142472086.0,HK.09866,蔚来-SW,HK
2025-06-17,27.4,27.4,26.9,27.35,4323951,117301756.0,HK.09866,蔚来-SW,HK
2025-06-18,26.9,26.9,26.35,26.8,4781009,127170815.0,HK.09866,蔚来-SW,HK
2025-06-19,26.5,26.95,26.0,26.05,4395725,116050704.0,HK.09866,蔚来-SW,HK
2025-06-20,26.3,26.75,26.15,26.75,5370948,142674098.0,HK.09866,蔚来-SW,HK
2025-06-23,26.35,26.95,25.8,26.85,4156165,110367107.0,HK.09866,蔚来-SW,HK
2025-06-24,26.95,27.35,26.75,27.05,4710317,127411909.0,HK.09866,蔚来-SW,HK
2025-06-25,27.35,28.4,27.25,27.55,7469554,207980374.0,HK.09866,蔚来-SW,HK
2025-06-26,26.85,27.35,26.8,27.15,3876986,105131668.0,HK.09866,蔚来-SW,HK
2025-06-27,27.0,27.0,26.15,26.65,7533357,199309751.0,HK.09866,蔚来-SW,HK
2025-06-30,26.95,27.6,26.8,27.4,5484857,149627115.0,HK.09866,蔚来-SW,HK
2025-07-02,27.4,27.55,26.7,26.8,4546634,122447789.0,HK.09866,蔚来-SW,HK
2025-07-03,27.2,27.55,26.9,27.15,5113615,139037375.0,HK.09866,蔚来-SW,HK
2025-07-04,27.25,27.55,26.5,26.6,4706470,126757662.0,HK.09866,蔚来-SW,HK
2025-07-07,26.6,26.8,26.2,26.75,4793760,127329622.0,HK.09866,蔚来-SW,HK
2025-07-08,26.55,26.9,26.25,26.75,6239461,165693716.0,HK.09866,蔚来-SW,HK
2025-07-09,27.05,27.45,26.9,27.4,7022042,191508933.0,HK.09866,蔚来-SW,HK
2025-07-10,27.35,27.8,26.75,27.6,6631050,181237662.0,HK.09866,蔚来-SW,HK
2025-07-11,28.95,30.0,28.95,29.25,13823848,407907401.0,HK.09866,蔚来-SW,HK
2025-07-14,30.6,32.75,30.6,32.35,20262966,651666152.0,HK.09866,蔚来-SW,HK
2025-07-15,32.35,34.0,32.3,33.6,13492197,449467613.0,HK.09866,蔚来-SW,HK
2025-07-16,33.35,33.5,32.8,32.95,8055316,266732815.0,HK.09866,蔚来-SW,HK
2025-07-17,31.8,33.0,31.6,32.5,8702778,282403282.0,HK.09866,蔚来-SW,HK
2025-07-18,34.9,34.95,33.65,34.0,10691822,363973155.0,HK.09866,蔚来-SW,HK
2025-07-21,35.0,35.1,34.25,34.7,7603713,263666461.0,HK.09866,蔚来-SW,HK
2025-07-22,35.5,36.45,35.45,36.25,8084572,292065484.0,HK.09866,蔚来-SW,HK
2025-07-23,39.5,40.3,38.9,39.5,19029161,754519846.0,HK.09866,蔚来-SW,HK
2025-07-24,38.7,39.55,38.05,38.05,11001722,424599440.0,HK.09866,蔚来-SW,HK
2025-07-25,38.0,38.45,37.55,38.15,7071643,269608606.0,HK.09866,蔚来-SW,HK
2025-07-28,38.9,39.9,38.3,38.65,4630128,178904133.0,HK.09866,蔚来-SW,HK
2025-07-29,37.6,38.1,37.2,38.1,7149412,269508165.0,HK.09866,蔚来-SW,HK
2025-07-30,37.35,37.4,35.75,35.95,11697770,426647304.0,HK.09866,蔚来-SW,HK
2025-07-31,35.95,35.95,34.4,34.8,14955679,521002820.0,HK.09866,蔚来-SW,HK
2025-08-01,37.85,38.3,37.25,37.8,12741361,481361071.0,HK.09866,蔚来-SW,HK
2025-08-04,38.7,39.08,37.12,38.2,11660549,441823156.0,HK.09866,蔚来-SW,HK
2025-08-05,35.96,36.14,35.3,35.7,11589054,413662232.0,HK.09866,蔚来-SW,HK
2025-08-06,35.18,36.42,35.1,36.42,9755035,351545014.0,HK.09866,蔚来-SW,HK
2025-08-07,36.14,36.78,36.0,36.3,3707700,134815204.0,HK.09866,蔚来-SW,HK
2025-08-08,36.0,37.42,36.0,37.38,4025279,149332605.0,HK.09866,蔚来-SW,HK
2025-08-11,37.5,38.9,37.5,38.36,5230387,200483252.0,HK.09866,蔚来-SW,HK
2025-08-12,38.36,39.0,36.66,37.38,8622979,323311897.0,HK.09866,蔚来-SW,HK
2025-08-13,35.2,36.42,35.1,36.3,9058881,325732275.0,HK.09866,蔚来-SW,HK
2025-08-14,36.58,36.6,35.52,35.66,6448467,230421919.0,HK.09866,蔚来-SW,HK
2025-08-15,35.14,36.02,34.88,35.82,5865569,209289250.0,HK.09866,蔚来-SW,HK
2025-08-18,37.7,38.9,37.62,38.32,9308159,357936424.0,HK.09866,蔚来-SW,HK
2025-08-19,38.02,39.34,37.22,38.64,6824502,262852749.0,HK.09866,蔚来-SW,HK
2025-08-20,39.24,39.8,38.54,39.12,5819647,227608328.0,HK.09866,蔚来-SW,HK
2025-08-21,39.6,41.38,39.3,41.18,11527006,469378793.0,HK.09866,蔚来-SW,HK
2025-08-22,43.6,45.82,43.4,45.76,22731791,1018834479.0,HK.09866,蔚来-SW,HK
2025-08-25,52.55,54.4,50.6,52.7,36019538,1895599053.0,HK.09866,蔚来-SW,HK
2025-08-26,48.5,49.94,48.4,49.54,16798706,827568522.0,HK.09866,蔚来-SW,HK
2025-08-27,53.55,53.95,51.0,51.65,17264542,903217660.0,HK.09866,蔚来-SW,HK
2025-08-28,50.25,51.2,49.56,50.5,9706395,488315444.0,HK.09866,蔚来-SW,HK
2025-08-29,50.55,52.2,49.54,50.6,9743858,495058757.0,HK.09866,蔚来-SW,HK
2025-09-01,50.55,53.75,50.05,52.95,10883409,571335809.0,HK.09866,蔚来-SW,HK
2025-09-02,53.5,53.95,50.75,51.05,8774690,456078605.0,HK.09866,蔚来-SW,HK
2025-09-03,52.65,53.35,50.8,51.55,9536739,494684838.0,HK.09866,蔚来-SW,HK
2025-09-04,50.1,50.3,48.16,48.24,13730983,669465678.0,HK.09866,蔚来-SW,HK
2025-09-05,48.2,48.7,47.06,47.84,10025630,479144952.0,HK.09866,蔚来-SW,HK
2025-09-08,47.7,47.7,46.4,47.18,7169518,337369301.0,HK.09866,蔚来-SW,HK
2025-09-09,48.5,48.98,47.68,47.8,5023352,242012386.0,HK.09866,蔚来-SW,HK
2025-09-10,48.8,48.98,46.66,46.72,9691517,461011868.0,HK.09866,蔚来-SW,HK
2025-09-11,45.02,47.32,44.76,45.9,21431695,991448851.0,HK.09866,蔚来-SW,HK
2025-09-12,48.0,48.62,47.16,48.12,10582514,508613390.0,HK.09866,蔚来-SW,HK
2025-09-15,48.56,51.65,48.44,49.82,11639457,586177497.0,HK.09866,蔚来-SW,HK
2025-09-16,50.85,51.85,50.6,51.05,6096185,311778977.0,HK.09866,蔚来-SW,HK
2025-09-17,54.85,57.15,54.75,56.9,17327768,972914055.0,HK.09866,蔚来-SW,HK
2025-09-18,57.8,58.8,54.7,56.15,21019211,1192867940.0,HK.09866,蔚来-SW,HK
2025-09-19,58.2,60.35,57.45,58.65,21717176,1279125235.0,HK.09866,蔚来-SW,HK
2025-09-22,59.45,59.6,55.9,57.15,36810557,2112240378.0,HK.09866,蔚来-SW,HK
2025-09-23,55.1,55.35,52.15,53.75,17632595,942114030.0,HK.09866,蔚来-SW,HK
2025-09-24,54.45,55.8,53.75,55.45,9825808,543880898.0,HK.09866,蔚来-SW,HK
2025-09-25,56.4,57.4,55.65,56.7,6105121,345577797.0,HK.09866,蔚来-SW,HK
2025-09-26,57.7,58.75,56.3,56.6,6652447,382642561.0,HK.09866,蔚来-SW,HK
2025-09-29,56.0,56.3,55.4,55.7,4273374,238308887.0,HK.09866,蔚来-SW,HK
2025-09-30,56.6,57.7,55.7,57.4,8057298,460638768.0,HK.09866,蔚来-SW,HK
2025-10-02,58.9,61.6,58.9,61.2,9493670,576151520.0,HK.09866,蔚来-SW,HK
2025-10-03,61.25,61.3,59.45,59.9,3975484,238374352.0,HK.09866,蔚来-SW,HK
2025-10-06,59.8,60.1,58.9,59.8,2601874,154372851.0,HK.09866,蔚来-SW,HK
2025-10-08,58.95,60.1,58.65,60.1,4409407,262725816.0,HK.09866,蔚来-SW,HK
2025-10-09,61.2,61.75,60.1,60.9,5772510,352071788.0,HK.09866,蔚来-SW,HK
2025-10-10,59.1,59.3,57.75,57.8,4543590,264951884.0,HK.09866,蔚来-SW,HK
2025-10-13,55.0,56.3,53.75,55.45,9920753,546497088.0,HK.09866,蔚来-SW,HK
2025-10-14,56.7,57.15,53.0,53.5,10047744,547288005.0,HK.09866,蔚来-SW,HK
2025-10-15,53.55,54.35,53.0,54.15,4216026,227272218.0,HK.09866,蔚来-SW,HK
2025-10-16,53.6,53.95,47.0,49.28,39245986,1943979073.0,HK.09866,蔚来-SW,HK
2025-10-17,52.05,52.3,49.56,50.35,17993383,909176558.0,HK.09866,蔚来-SW,HK
2025-10-20,52.55,53.3,51.75,52.2,6390423,335484894.0,HK.09866,蔚来-SW,HK
2025-10-21,54.45,54.65,53.45,53.65,7645098,412149732.0,HK.09866,蔚来-SW,HK
2025-10-22,53.2,55.15,52.4,54.55,6886363,374308416.0,HK.09866,蔚来-SW,HK
2025-10-23,54.0,54.65,52.65,54.4,7175507,385605063.0,HK.09866,蔚来-SW,HK
2025-10-24,54.4,54.45,52.05,52.65,12924095,682380606.0,HK.09866,蔚来-SW,HK
2025-10-27,53.55,55.0,53.0,55.0,9989936,540133645.0,HK.09866,蔚来-SW,HK
2025-10-28,55.0,55.7,54.0,54.5,4668712,254928305.0,HK.09866,蔚来-SW,HK
2025-10-30,56.0,56.3,54.55,55.15,7323008,405332405.0,HK.09866,蔚来-SW,HK
2025-10-31,54.95,55.4,54.15,54.6,5418428,296289750.0,HK.09866,蔚来-SW,HK
2025-11-03,56.5,57.1,55.85,56.9,5308594,300897513.0,HK.09866,蔚来-SW,HK
2025-11-04,57.0,58.1,56.2,56.35,5638792,321367910.0,HK.09866,蔚来-SW,HK
2025-11-05,55.3,57.3,54.0,57.2,4990447,281105113.0,HK.09866,蔚来-SW,HK
2025-11-06,57.25,58.5,56.7,58.4,4933112,286083917.0,HK.09866,蔚来-SW,HK
2025-11-07,56.9,56.9,55.05,55.4,5574247,309882391.0,HK.09866,蔚来-SW,HK
2025-11-10,54.65,55.0,53.9,54.3,5069192,275345468.0,HK.09866,蔚来-SW,HK
2025-11-11,53.2,55.55,52.4,54.9,8647676,471820860.0,HK.09866,蔚来-SW,HK
2025-11-12,52.65,53.15,50.65,51.25,9499444,488850848.0,HK.09866,蔚来-SW,HK
2025-11-13,51.1,51.1,50.3,51.0,4628100,235152301.0,HK.09866,蔚来-SW,HK
2025-11-14,48.62,49.72,48.46,49.36,6601196,324624682.0,HK.09866,蔚来-SW,HK
2025-11-17,49.26,49.58,48.92,49.32,3649890,179798077.0,HK.09866,蔚来-SW,HK
2025-11-18,47.84,48.7,47.1,47.62,5213854,247899382.0,HK.09866,蔚来-SW,HK
2025-11-19,47.02,47.16,46.3,46.64,7133878,333110661.0,HK.09866,蔚来-SW,HK
2025-11-20,46.24,46.64,44.78,45.14,9575938,433868998.0,HK.09866,蔚来-SW,HK
2025-11-21,42.84,43.4,42.22,42.96,14047597,600389098.0,HK.09866,蔚来-SW,HK
2025-11-24,44.9,45.44,44.06,45.44,10519041,474328696.0,HK.09866,蔚来-SW,HK
2025-11-25,46.4,46.82,45.1,46.82,8045149,371525483.0,HK.09866,蔚来-SW,HK
2025-11-26,43.56,45.04,43.14,43.9,10712945,469922622.0,HK.09866,蔚来-SW,HK
2025-11-27,42.94,43.8,42.94,43.22,6022662,260644410.0,HK.09866,蔚来-SW,HK
2025-11-28,43.44,43.94,43.3,43.52,6415222,279474567.0,HK.09866,蔚来-SW,HK
2025-12-01,43.48,43.62,42.8,43.32,4739914,205072314.0,HK.09866,蔚来-SW,HK
2025-12-02,40.64,41.56,39.98,40.4,11987762,486443136.0,HK.09866,蔚来-SW,HK
2025-12-03,39.68,39.68,38.56,39.06,8914663,347670231.0,HK.09866,蔚来-SW,HK
2025-12-04,38.6,39.42,37.8,39.38,13002784,503677867.0,HK.09866,蔚来-SW,HK
2025-12-05,39.38,40.34,39.02,40.22,7852356,314172102.0,HK.09866,蔚来-SW,HK
2025-12-08,40.2,40.2,39.7,39.94,4250423,169833957.0,HK.09866,蔚来-SW,HK
2025-12-09,40.5,40.98,39.56,39.82,3871679,154132440.0,HK.09866,蔚来-SW,HK
2025-12-10,39.82,39.82,38.64,38.96,4805543,186854029.0,HK.09866,蔚来-SW,HK
2025-12-11,39.2,39.58,38.66,39.22,3377942,131903165.0,HK.09866,蔚来-SW,HK
2025-12-12,40.1,40.6,39.96,40.24,3863559,155690647.0,HK.09866,蔚来-SW,HK
2025-12-15,39.82,39.82,39.06,39.24,2822890,110865470.0,HK.09866,蔚来-SW,HK
2025-12-16,40.0,40.0,38.04,38.84,4091579,157594146.0,HK.09866,蔚来-SW,HK
2025-12-17,38.84,39.4,38.76,39.0,3669614,143100869.0,HK.09866,蔚来-SW,HK
2025-12-18,38.8,38.8,37.84,38.42,3287323,125635034.0,HK.09866,蔚来-SW,HK
2025-12-19,38.42,39.56,38.42,39.3,6293428,246478891.0,HK.09866,蔚来-SW,HK
2025-12-22,39.6,39.7,38.54,39.0,4275281,166277887.0,HK.09866,蔚来-SW,HK
2025-12-23,39.0,39.2,38.42,38.62,2591745,100122943.0,HK.09866,蔚来-SW,HK
2025-12-24,38.42,38.6,38.18,38.44,1201084,46113721.0,HK.09866,蔚来-SW,HK
2025-12-29,39.88,41.28,39.8,40.32,7490038,303710397.0,HK.09866,蔚来-SW,HK
2025-12-30,42.42,42.42,41.12,41.2,7579610,314704347.0,HK.09866,蔚来-SW,HK
2025-12-31,42.5,43.0,40.52,40.96,6301716,258444240.0,HK.09866,蔚来-SW,HK
2026-01-02,41.52,41.7,40.68,41.32,4677328,193150420.0,HK.09866,蔚来-SW,HK
2026-01-05,41.02,41.02,38.6,38.86,9298704,363007950.0,HK.09866,蔚来-SW,HK
2026-01-06,37.86,38.96,37.4,38.88,5882734,226694255.0,HK.09866,蔚来-SW,HK
2026-01-07,38.0,38.04,37.0,37.58,8793174,330105815.0,HK.09866,蔚来-SW,HK
2026-01-08,37.58,37.7,37.32,37.62,4197347,157442547.0,HK.09866,蔚来-SW,HK
2026-01-09,37.14,37.26,36.74,37.16,4752588,176275162.0,HK.09866,蔚来-SW,HK
2026-01-12,36.86,37.6,36.36,37.56,6059627,225015058.0,HK.09866,蔚来-SW,HK
2026-01-13,37.96,38.76,37.5,37.72,5314029,202067709.0,HK.09866,蔚来-SW,HK
2026-01-14,37.26,37.44,36.36,36.54,7897505,290421391.0,HK.09866,蔚来-SW,HK
2026-01-15,36.36,36.36,35.84,36.08,3636307,131164084.0,HK.09866,蔚来-SW,HK
2026-01-16,36.3,36.98,36.3,36.64,4197676,154033111.0,HK.09866,蔚来-SW,HK
2026-01-19,37.0,37.68,36.64,36.74,4764744,176436857.0,HK.09866,蔚来-SW,HK
2026-01-20,36.86,37.0,36.3,36.58,3363060,123236092.0,HK.09866,蔚来-SW,HK
2026-01-21,36.14,36.34,35.64,36.22,4613170,166105666.0,HK.09866,蔚来-SW,HK
2026-01-22,37.1,37.14,36.58,37.04,3615432,133285108.0,HK.09866,蔚来-SW,HK
2026-01-23,37.38,37.9,37.2,37.44,3820796,143262518.0,HK.09866,蔚来-SW,HK
2026-01-26,37.0,37.28,35.72,36.02,7486325,269889796.0,HK.09866,蔚来-SW,HK
2026-01-27,36.38,36.82,35.9,36.68,3302962,120725284.0,HK.09866,蔚来-SW,HK
2026-01-28,36.98,38.24,36.64,38.14,8186054,309439982.0,HK.09866,蔚来-SW,HK
2026-01-29,36.88,37.28,35.88,37.26,11956000,437195812.0,HK.09866,蔚来-SW,HK
2026-01-30,37.28,38.76,37.28,38.62,10286104,395658344.0,HK.09866,蔚来-SW,HK
2026-02-02,37.9,37.9,35.96,36.88,10484441,382745505.0,HK.09866,蔚来-SW,HK
2026-02-03,35.78,36.5,35.68,36.34,6482056,234650151.0,HK.09866,蔚来-SW,HK
2026-02-04,36.34,36.34,35.52,35.6,6318093,226098938.0,HK.09866,蔚来-SW,HK
2026-02-05,35.2,36.78,34.82,36.56,8124984,293857600.0,HK.09866,蔚来-SW,HK
2026-02-06,37.3,39.8,37.08,39.1,18876305,736653318.0,HK.09866,蔚来-SW,HK
2026-02-09,40.3,40.76,38.72,38.9,7049079,277436679.0,HK.09866,蔚来-SW,HK
2026-02-10,38.9,39.52,38.5,39.08,3252624,127339720.0,HK.09866,蔚来-SW,HK
2026-02-11,39.74,40.64,39.3,39.7,6046906,241762552.0,HK.09866,蔚来-SW,HK
2026-02-12,39.7,39.92,39.42,39.46,4089733,162046499.0,HK.09866,蔚来-SW,HK
2026-02-13,39.0,39.6,39.0,39.46,2169766,85362955.0,HK.09866,蔚来-SW,HK
2026-02-16,39.02,39.64,38.78,39.56,959500,37714499.0,HK.09866,蔚来-SW,HK
2026-02-20,39.56,39.58,38.66,38.94,4313672,168666915.0,HK.09866,蔚来-SW,HK
2026-02-23,39.26,41.1,39.26,41.1,4384497,178602564.0,HK.09866,蔚来-SW,HK
2026-02-24,41.64,42.2,41.3,41.74,8451342,353634993.0,HK.09866,蔚来-SW,HK
2026-02-25,41.74,42.06,40.46,40.64,4578466,187623539.0,HK.09866,蔚来-SW,HK
2026-02-26,40.98,41.04,40.2,40.6,7248727,293699052.0,HK.09866,蔚来-SW,HK
2026-02-27,40.22,40.38,39.5,39.6,6111208,242871418.0,HK.09866,蔚来-SW,HK
2026-03-02,38.0,39.3,37.66,38.62,6806738,262761305.0,HK.09866,蔚来-SW,HK
2026-03-03,37.3,38.22,35.86,36.72,10536909,386310993.0,HK.09866,蔚来-SW,HK
2026-03-04,36.72,36.82,35.04,36.16,6943004,248898174.0,HK.09866,蔚来-SW,HK
2026-03-05,38.0,38.48,36.92,37.22,4145766,155139276.0,HK.09866,蔚来-SW,HK
2026-03-06,37.22,38.24,37.08,37.82,4109463,155256280.0,HK.09866,蔚来-SW,HK
2026-03-09,36.16,38.4,36.16,38.26,5977100,225406524.0,HK.09866,蔚来-SW,HK
2026-03-10,39.16,39.46,37.64,38.14,5929190,225806167.0,HK.09866,蔚来-SW,HK
2026-03-11,43.86,45.66,43.02,43.5,20465025,895576631.0,HK.09866,蔚来-SW,HK
2026-03-12,42.86,44.9,42.66,44.9,11834418,525065118.0,HK.09866,蔚来-SW,HK
2026-03-13,44.9,45.3,43.92,44.8,6194784,277717045.0,HK.09866,蔚来-SW,HK
2026-03-16,46.0,47.6,45.6,47.04,7392578,346601956.0,HK.09866,蔚来-SW,HK
2026-03-17,48.06,49.04,46.62,47.32,10009826,477947471.0,HK.09866,蔚来-SW,HK
2026-03-18,47.32,47.74,46.54,47.62,3768012,178293464.0,HK.09866,蔚来-SW,HK
2026-03-19,46.3,47.68,45.9,47.14,4111398,194009980.0,HK.09866,蔚来-SW,HK
2026-03-20,46.28,47.48,46.28,46.52,4421076,206139158.0,HK.09866,蔚来-SW,HK
2026-03-23,43.2,45.04,43.0,44.1,10880997,481486736.0,HK.09866,蔚来-SW,HK
2026-03-24,45.28,46.08,44.78,45.84,4767898,217219443.0,HK.09866,蔚来-SW,HK
2026-03-25,46.42,47.3,46.1,46.72,5129415,239763330.0,HK.09866,蔚来-SW,HK
2026-03-26,45.58,46.68,45.54,45.78,7557879,347414444.0,HK.09866,蔚来-SW,HK
2026-03-27,44.48,45.38,44.2,44.7,4306820,192985730.0,HK.09866,蔚来-SW,HK
2026-03-30,43.46,43.94,41.8,43.58,9394324,405597818.0,HK.09866,蔚来-SW,HK
2026-03-31,44.26,44.98,43.4,43.86,5461249,239628777.0,HK.09866,蔚来-SW,HK
2026-04-01,46.76,48.42,46.76,48.38,7808233,374332013.0,HK.09866,蔚来-SW,HK
2026-04-02,48.38,49.62,47.84,48.7,5895648,286665532.0,HK.09866,蔚来-SW,HK
2026-04-08,50.3,50.9,49.6,50.75,6249554,314827421.0,HK.09866,蔚来-SW,HK
2026-04-09,50.75,53.2,50.2,51.85,9001761,469364610.0,HK.09866,蔚来-SW,HK
2026-04-10,48.34,49.36,48.26,48.76,9759342,476283699.0,HK.09866,蔚来-SW,HK
2026-04-13,50.8,52.55,50.4,52.4,6516736,339266102.0,HK.09866,蔚来-SW,HK
2026-04-14,51.1,52.25,51.0,52.0,5485466,283240478.0,HK.09866,蔚来-SW,HK
2026-04-15,52.0,52.1,51.25,51.55,3741415,192979772.0,HK.09866,蔚来-SW,HK
2026-04-16,51.25,52.8,51.0,52.7,6310274,330822199.0,HK.09866,蔚来-SW,HK
2026-04-17,54.0,54.95,53.8,54.5,4398976,239301277.0,HK.09866,蔚来-SW,HK
2026-04-20,53.75,54.1,53.1,53.25,4078349,218104130.0,HK.09866,蔚来-SW,HK
2026-04-21,53.0,53.15,52.25,52.65,2964743,155971912.0,HK.09866,蔚来-SW,HK
2026-04-22,52.0,52.15,51.25,51.35,4379522,225777467.0,HK.09866,蔚来-SW,HK
2026-04-23,51.35,51.7,50.65,50.9,4834697,247224022.0,HK.09866,蔚来-SW,HK
2026-04-24,50.05,50.05,47.16,49.18,8214163,397468981.0,HK.09866,蔚来-SW,HK
2026-04-27,49.24,50.85,48.92,50.15,3475714,174415541.0,HK.09866,蔚来-SW,HK
2026-04-28,49.44,50.15,48.0,48.28,5204609,254259199.0,HK.09866,蔚来-SW,HK
2026-04-29,50.25,52.9,50.2,52.5,9096292,474944996.0,HK.09866,蔚来-SW,HK
2026-04-30,51.4,51.45,49.04,49.2,7692132,384331808.0,HK.09866,蔚来-SW,HK
2026-05-04,48.44,48.94,47.2,48.04,7309101,352572337.0,HK.09866,蔚来-SW,HK
2026-05-05,48.04,48.26,47.16,47.72,2859429,135723900.0,HK.09866,蔚来-SW,HK
2026-05-06,47.18,47.36,45.58,46.04,6663247,307552982.0,HK.09866,蔚来-SW,HK
2026-05-07,46.92,47.5,46.2,47.24,6137057,287037222.0,HK.09866,蔚来-SW,HK
2026-05-08,46.9,47.02,46.2,46.74,4614300,215418003.0,HK.09866,蔚来-SW,HK
2026-05-11,46.6,46.98,45.54,46.84,2590171,120641836.0,HK.09866,蔚来-SW,HK
2026-05-12,47.32,48.7,47.32,47.48,2932005,140259699.0,HK.09866,蔚来-SW,HK
2026-05-13,48.06,48.72,47.52,48.32,3609637,173856806.0,HK.09866,蔚来-SW,HK
2026-05-14,51.35,52.0,49.76,49.96,5979102,302125572.0,HK.09866,蔚来-SW,HK
